Customer_ID,Customer_Name,Gender,Age,City,State,Customer_Segment,Signup_Date
CUST10001,Meera Das,Male,34,Mysuru,Karnataka,Consumer,2025-02-27
CUST10002,Meera Jain,Female,27,New Delhi,Delhi,Small Business,2024-04-06
CUST10003,Arjun Das,Male,45,Mumbai,Maharashtra,Small Business,2024-07-31
CUST10004,Ananya Gupta,Female,47,Noida,Uttar Pradesh,Small Business,2023-10-21
CUST10005,Kabir Mehta,Male,50,Bhopal,Madhya Pradesh,Corporate,2023-09-20
CUST10006,Kabir Das,Male,48,Chhindwara,Madhya Pradesh,Consumer,2025-11-19
CUST10007,Ishaan Patel,Male,35,Bhopal,Madhya Pradesh,Consumer,2023-09-21
CUST10008,Riya Patel,Male,44,Surat,Gujarat,Consumer,2025-08-26
CUST10009,Aarav Mehta,Female,18,Surat,Gujarat,Small Business,2026-03-14
CUST10010,Arjun Gupta,Female,40,New Delhi,Delhi,Consumer,2025-11-23
CUST10011,Ishaan Singh,Female,30,Mysuru,Karnataka,Corporate,2025-01-30
CUST10012,Isha Singh,Female,43,New Delhi,Delhi,Consumer,2024-07-18
CUST10013,Aarav Deshmukh,Male,62,New Delhi,Delhi,Consumer,2023-12-28
CUST10014,Arjun Rao,Male,63,Noida,Uttar Pradesh,Corporate,2024-08-02
CUST10015,Ishaan Rao,Female,41,Bengaluru,Karnataka,Corporate,2025-08-12
CUST10016,Riya Verma,Female,50,Lucknow,Uttar Pradesh,Corporate,2023-01-29
CUST10017,Vivaan Rao,Other,34,Lucknow,Uttar Pradesh,Consumer,2024-04-23
CUST10018,Aarav Patel,Male,32,New Delhi,Delhi,Small Business,2023-06-12
CUST10019,Priya Deshmukh,Male,46,Mumbai,Maharashtra,Consumer,2024-04-12
CUST10020,Arjun Verma,Male,30,Chhindwara,Madhya Pradesh,Consumer,2024-08-26
CUST10021,Priya Singh,Male,41,Chhindwara,Madhya Pradesh,Consumer,2024-08-08
CUST10022,Ananya Singh,Female,58,Lucknow,Uttar Pradesh,Consumer,2024-06-06
CUST10023,Rohan Sharma,Female,28,Coimbatore,Tamil Nadu,Corporate,2023-09-29
CUST10024,Isha Deshmukh,Other,24,Bhopal,Madhya Pradesh,Consumer,2023-08-16
CUST10025,Priya Sharma,Male,27,Indore,Madhya Pradesh,Corporate,2024-12-28
CUST10026,Aditya Rao,Male,62,Coimbatore,Tamil Nadu,Consumer,2026-04-22
CUST10027,Ananya Verma,Male,40,Chhindwara,Madhya Pradesh,Consumer,2023-06-11
CUST10028,Rohan Verma,Male,53,Coimbatore,Tamil Nadu,Consumer,2024-10-13
CUST10029,Riya Jain,Male,22,New Delhi,Delhi,Consumer,2024-07-21
CUST10030,Ishaan Gupta,Male,37,Nagpur,Maharashtra,Corporate,2023-04-19
CUST10031,Vivaan Mehta,Male,53,Chhindwara,Madhya Pradesh,Consumer,2023-02-01
CUST10032,Aditya Rao,Male,23,Bhopal,Madhya Pradesh,Consumer,2024-03-20
CUST10033,Arjun Jain,Male,44,New Delhi,Delhi,Consumer,2025-08-21
CUST10034,Diya Singh,Male,30,Surat,Gujarat,Corporate,2024-07-18
CUST10035,Vivaan Das,Male,18,Indore,Madhya Pradesh,Consumer,2023-06-02
CUST10036,Aarav Mehta,Female,44,Kolkata,West Bengal,Small Business,2025-03-25
CUST10037,Isha Patel,Male,53,Noida,Uttar Pradesh,Consumer,2024-06-13
CUST10038,Meera Gupta,Male,19,Udaipur,Rajasthan,Consumer,2024-08-23
CUST10039,Ananya Mehta,Female,44,New Delhi,Delhi,Consumer,2026-06-14
CUST10040,Vivaan Verma,Female,37,Kolkata,West Bengal,Consumer,2025-05-13
CUST10041,Aditya Jain,Male,19,Mumbai,Maharashtra,Consumer,2026-01-15
CUST10042,Vivaan Gupta,Male,44,Jaipur,Rajasthan,Consumer,2024-06-18
CUST10043,Arjun Sharma,Male,56,Mysuru,Karnataka,Consumer,2026-05-25
CUST10044,Riya Mehta,Female,39,Surat,Gujarat,Corporate,2024-11-15
CUST10045,Nisha Das,Male,60,Chennai,Tamil Nadu,Consumer,2024-01-09
CUST10046,Ishaan Jain,Female,41,Mumbai,Maharashtra,Consumer,2024-07-04
CUST10047,Aditya Gupta,Male,26,Kolkata,West Bengal,Small Business,2023-09-12
CUST10048,Diya Verma,Female,25,Coimbatore,Tamil Nadu,Corporate,2025-10-27
CUST10049,Vivaan Sharma,Female,33,Bengaluru,Karnataka,Corporate,2026-05-21
CUST10050,Vivaan Gupta,Female,59,Udaipur,Rajasthan,Consumer,2024-08-02
CUST10051,Diya Sharma,Female,60,Lucknow,Uttar Pradesh,Consumer,2024-04-14
CUST10052,Nisha Mehta,Male,58,Ahmedabad,Gujarat,Corporate,2024-01-29
CUST10053,Nisha Gupta,Male,33,New Delhi,Delhi,Consumer,2024-08-16
CUST10054,Nisha Mehta,Female,23,Noida,Uttar Pradesh,Consumer,2023-11-19
CUST10055,Vivaan Gupta,Female,54,Kolkata,West Bengal,Corporate,2026-05-26
CUST10056,Diya Rao,Male,21,New Delhi,Delhi,Consumer,2025-02-14
CUST10057,Diya Singh,Male,54,Chennai,Tamil Nadu,Consumer,2023-08-21
CUST10058,Vivaan Gupta,Female,28,Noida,Uttar Pradesh,Corporate,2026-05-19
CUST10059,Diya Verma,Female,51,Noida,Uttar Pradesh,Consumer,2025-08-15
CUST10060,Riya Deshmukh,Male,26,Nagpur,Maharashtra,Consumer,2023-10-29
CUST10061,Riya Deshmukh,Male,58,Chhindwara,Madhya Pradesh,Consumer,2023-04-13
CUST10062,Isha Das,Male,46,Coimbatore,Tamil Nadu,Consumer,2024-11-29
CUST10063,Kabir Mehta,Male,62,Nagpur,Maharashtra,Consumer,2023-03-27
CUST10064,Vivaan Verma,Female,21,Nagpur,Maharashtra,Consumer,2026-05-01
CUST10065,Rohan Verma,Female,45,Bengaluru,Karnataka,Consumer,2023-01-29
CUST10066,Ishaan Rao,Male,46,Pune,Maharashtra,Small Business,2024-06-08
CUST10067,Priya Sharma,Female,63,Kolkata,West Bengal,Consumer,2024-07-22
CUST10068,Arjun Gupta,Female,28,Coimbatore,Tamil Nadu,Corporate,2025-01-09
CUST10069,Riya Sharma,Male,19,Jaipur,Rajasthan,Corporate,2024-06-20
CUST10070,Vivaan Mehta,Female,65,New Delhi,Delhi,Small Business,2023-10-26
CUST10071,Aarav Jain,Female,26,Ahmedabad,Gujarat,Consumer,2026-05-13
CUST10072,Isha Deshmukh,Female,52,Jaipur,Rajasthan,Consumer,2025-12-27
CUST10073,Diya Das,Male,54,Chennai,Tamil Nadu,Corporate,2024-12-17
CUST10074,Nisha Deshmukh,Female,31,Surat,Gujarat,Corporate,2025-01-10
CUST10075,Ananya Patel,Male,26,Ahmedabad,Gujarat,Consumer,2025-11-20
CUST10076,Ananya Patel,Female,57,Bengaluru,Karnataka,Consumer,2025-12-22
CUST10077,Arjun Das,Female,61,Bengaluru,Karnataka,Consumer,2025-04-10
CUST10078,Vivaan Patel,Female,38,New Delhi,Delhi,Small Business,2024-05-14
CUST10079,Priya Mehta,Male,59,Mumbai,Maharashtra,Consumer,2023-06-04
CUST10080,Ananya Mehta,Male,55,Lucknow,Uttar Pradesh,Consumer,2024-06-01
CUST10081,Kabir Mehta,Male,37,Chennai,Tamil Nadu,Consumer,2024-09-07
CUST10082,Kabir Deshmukh,Male,58,Mumbai,Maharashtra,Consumer,2026-04-28
CUST10083,Arjun Sharma,Male,48,Mysuru,Karnataka,Consumer,2025-08-29
CUST10084,Ananya Singh,Female,35,Kolkata,West Bengal,Consumer,2023-08-03
CUST10085,Ishaan Rao,Female,49,Jaipur,Rajasthan,Corporate,2024-12-02
CUST10086,Rohan Mehta,Male,35,Nagpur,Maharashtra,Consumer,2025-05-24
CUST10087,Aditya Gupta,Male,43,Jaipur,Rajasthan,Consumer,2025-06-18
CUST10088,Vivaan Patel,Male,30,Surat,Gujarat,Corporate,2024-07-01
CUST10089,Ishaan Patel,Female,25,Ahmedabad,Gujarat,Consumer,2025-07-31
CUST10090,Ananya Gupta,Female,51,Chennai,Tamil Nadu,Consumer,2024-04-20
CUST10091,Priya Gupta,Male,23,Udaipur,Rajasthan,Consumer,2025-09-27
CUST10092,Isha Sharma,Male,43,New Delhi,Delhi,Small Business,2025-04-14
CUST10093,Ishaan Das,Female,31,Ahmedabad,Gujarat,Consumer,2025-08-02
CUST10094,Nisha Rao,Male,23,Kolkata,West Bengal,Small Business,2024-04-06
CUST10095,Isha Singh,Female,61,Lucknow,Uttar Pradesh,Consumer,2023-08-15
CUST10096,Ishaan Jain,Female,30,Surat,Gujarat,Corporate,2025-10-13
CUST10097,Aditya Gupta,Male,20,Bhopal,Madhya Pradesh,Consumer,2026-05-21
CUST10098,Diya Singh,Female,24,Udaipur,Rajasthan,Consumer,2025-08-30
CUST10099,Meera Verma,Male,58,Ahmedabad,Gujarat,Corporate,2026-05-15
CUST10100,Aditya Sharma,Male,51,Ahmedabad,Gujarat,Consumer,2024-07-26
CUST10101,Riya Sharma,Female,19,Bengaluru,Karnataka,Consumer,2026-02-11
CUST10102,Ananya Rao,Female,28,Bhopal,Madhya Pradesh,Corporate,2023-12-23
CUST10103,Rohan Singh,Female,39,Chennai,Tamil Nadu,Consumer,2026-05-24
CUST10104,Diya Gupta,Male,27,Kolkata,West Bengal,Consumer,2024-05-27
CUST10105,Nisha Sharma,Male,22,Coimbatore,Tamil Nadu,Consumer,2023-04-16
CUST10106,Kabir Verma,Female,37,Chhindwara,Madhya Pradesh,Corporate,2025-03-16
CUST10107,Ananya Das,Male,61,Mysuru,Karnataka,Consumer,2024-12-02
CUST10108,Isha Singh,Female,61,Ahmedabad,Gujarat,Consumer,2024-12-23
CUST10109,Isha Rao,Female,38,New Delhi,Delhi,Consumer,2025-05-27
CUST10110,Aditya Das,Male,33,Kolkata,West Bengal,Consumer,2023-05-10
CUST10111,Isha Deshmukh,Female,25,Udaipur,Rajasthan,Consumer,2025-08-27
CUST10112,Priya Das,Male,40,Bhopal,Madhya Pradesh,Corporate,2024-04-05
CUST10113,Aarav Jain,Male,58,Indore,Madhya Pradesh,Consumer,2024-07-23
CUST10114,Aditya Patel,Male,54,Surat,Gujarat,Consumer,2024-04-17
CUST10115,Ishaan Mehta,Female,38,Bengaluru,Karnataka,Corporate,2023-08-28
CUST10116,Ananya Jain,Male,20,Pune,Maharashtra,Consumer,2024-04-10
CUST10117,Isha Patel,Male,20,Ahmedabad,Gujarat,Consumer,2023-09-26
CUST10118,Ananya Das,Female,26,New Delhi,Delhi,Consumer,2025-01-31
CUST10119,Ishaan Mehta,Female,46,Kolkata,West Bengal,Consumer,2024-05-05
CUST10120,Arjun Rao,Male,33,Chennai,Tamil Nadu,Consumer,2026-02-06
CUST10121,Aarav Verma,Female,18,Bengaluru,Karnataka,Consumer,2024-09-25
CUST10122,Arjun Patel,Male,20,Coimbatore,Tamil Nadu,Consumer,2025-09-15
CUST10123,Priya Verma,Female,22,Pune,Maharashtra,Corporate,2025-12-31
CUST10124,Kabir Jain,Female,48,Chhindwara,Madhya Pradesh,Consumer,2025-09-26
CUST10125,Arjun Verma,Female,43,Chhindwara,Madhya Pradesh,Consumer,2024-12-21
CUST10126,Meera Rao,Male,48,Kolkata,West Bengal,Consumer,2023-01-30
CUST10127,Ishaan Patel,Female,30,New Delhi,Delhi,Consumer,2025-06-20
CUST10128,Vivaan Singh,Male,47,Udaipur,Rajasthan,Consumer,2024-05-18
CUST10129,Meera Deshmukh,Female,29,Udaipur,Rajasthan,Consumer,2024-05-06
CUST10130,Ananya Das,Female,51,Mumbai,Maharashtra,Consumer,2024-10-10
CUST10131,Arjun Rao,Female,21,Coimbatore,Tamil Nadu,Small Business,2023-09-16
CUST10132,Aarav Singh,Female,51,Mysuru,Karnataka,Consumer,2023-08-08
CUST10133,Nisha Verma,Male,50,Udaipur,Rajasthan,Small Business,2023-12-06
CUST10134,Meera Jain,Female,25,Mumbai,Maharashtra,Corporate,2024-01-14
CUST10135,Vivaan Rao,Male,63,Noida,Uttar Pradesh,Small Business,2025-02-18
CUST10136,Meera Patel,Female,62,Pune,Maharashtra,Consumer,2023-06-17
CUST10137,Nisha Rao,Male,47,Noida,Uttar Pradesh,Consumer,2026-03-19
CUST10138,Arjun Rao,Female,45,Indore,Madhya Pradesh,Consumer,2023-04-18
CUST10139,Rohan Mehta,Female,49,Ahmedabad,Gujarat,Corporate,2023-03-29
CUST10140,Diya Das,Male,47,Chennai,Tamil Nadu,Consumer,2023-01-07
CUST10141,Aarav Das,Female,21,Coimbatore,Tamil Nadu,Consumer,2023-09-26
CUST10142,Rohan Verma,Female,19,Kolkata,West Bengal,Small Business,2024-04-02
CUST10143,Ishaan Jain,Male,62,Nagpur,Maharashtra,Consumer,2024-10-23
CUST10144,Arjun Singh,Female,41,Chennai,Tamil Nadu,Consumer,2024-09-02
CUST10145,Diya Das,Male,21,Coimbatore,Tamil Nadu,Small Business,2025-05-24
CUST10146,Arjun Deshmukh,Male,25,Coimbatore,Tamil Nadu,Corporate,2025-11-26
CUST10147,Aditya Verma,Male,27,Kolkata,West Bengal,Consumer,2026-05-02
CUST10148,Riya Singh,Male,55,Jaipur,Rajasthan,Small Business,2025-04-24
CUST10149,Arjun Jain,Female,37,Kolkata,West Bengal,Consumer,2024-10-13
CUST10150,Aarav Singh,Male,20,Jaipur,Rajasthan,Small Business,2026-06-04
CUST10151,Meera Jain,Female,28,Ahmedabad,Gujarat,Consumer,2023-03-26
CUST10152,Ananya Jain,Female,36,Jaipur,Rajasthan,Consumer,2026-01-14
CUST10153,Aditya Mehta,Male,44,New Delhi,Delhi,Consumer,2024-10-13
CUST10154,Aditya Sharma,Male,45,Coimbatore,Tamil Nadu,Consumer,2025-11-18
CUST10155,Isha Patel,Female,43,Udaipur,Rajasthan,Consumer,2023-05-23
CUST10156,Aditya Jain,Male,37,Lucknow,Uttar Pradesh,Consumer,2024-06-08
CUST10157,Diya Gupta,Male,31,Indore,Madhya Pradesh,Consumer,2024-05-23
CUST10158,Riya Sharma,Female,57,Kolkata,West Bengal,Consumer,2026-06-29
CUST10159,Riya Sharma,Male,64,Noida,Uttar Pradesh,Corporate,2026-06-24
CUST10160,Priya Deshmukh,Female,54,Chhindwara,Madhya Pradesh,Consumer,2023-03-21
CUST10161,Aditya Gupta,Female,40,Coimbatore,Tamil Nadu,Consumer,2025-06-24
CUST10162,Vivaan Mehta,Female,18,Bengaluru,Karnataka,Consumer,2024-11-27
CUST10163,Vivaan Rao,Male,44,Chhindwara,Madhya Pradesh,Corporate,2023-11-24
CUST10164,Ishaan Singh,Female,24,Indore,Madhya Pradesh,Consumer,2023-01-02
CUST10165,Nisha Mehta,Male,65,Mysuru,Karnataka,Consumer,2023-03-18
CUST10166,Isha Gupta,Male,23,Noida,Uttar Pradesh,Consumer,2023-06-08
CUST10167,Aditya Das,Male,31,Bengaluru,Karnataka,Corporate,2025-04-29
CUST10168,Aditya Gupta,Female,29,Noida,Uttar Pradesh,Consumer,2024-05-07
CUST10169,Riya Rao,Male,24,Indore,Madhya Pradesh,Small Business,2025-09-13
CUST10170,Ananya Sharma,Male,53,New Delhi,Delhi,Small Business,2024-02-14
CUST10171,Priya Singh,Male,26,Bengaluru,Karnataka,Small Business,2025-04-06
CUST10172,Ishaan Verma,Female,53,Mysuru,Karnataka,Consumer,2024-06-08
CUST10173,Kabir Rao,Female,38,New Delhi,Delhi,Corporate,2025-04-04
CUST10174,Arjun Jain,Male,56,Mumbai,Maharashtra,Consumer,2023-08-17
CUST10175,Ananya Patel,Male,27,Jaipur,Rajasthan,Consumer,2024-05-12
CUST10176,Kabir Verma,Female,56,Bengaluru,Karnataka,Consumer,2023-12-24
CUST10177,Aditya Mehta,Male,40,Indore,Madhya Pradesh,Consumer,2026-05-18
CUST10178,Rohan Singh,Male,55,Nagpur,Maharashtra,Small Business,2025-05-27
CUST10179,Rohan Sharma,Female,42,Lucknow,Uttar Pradesh,Consumer,2023-03-10
CUST10180,Ishaan Das,Male,63,New Delhi,Delhi,Corporate,2026-03-19
CUST10181,Nisha Gupta,Female,33,Lucknow,Uttar Pradesh,Consumer,2024-10-17
CUST10182,Ananya Singh,Female,35,Nagpur,Maharashtra,Consumer,2023-03-15
CUST10183,Diya Mehta,Male,21,Mysuru,Karnataka,Consumer,2024-02-14
CUST10184,Priya Gupta,Male,61,Lucknow,Uttar Pradesh,Consumer,2023-10-12
CUST10185,Arjun Rao,Female,62,Udaipur,Rajasthan,Consumer,2024-09-16
CUST10186,Aditya Sharma,Female,56,Surat,Gujarat,Consumer,2023-09-26
CUST10187,Arjun Sharma,Female,42,Mumbai,Maharashtra,Corporate,2023-03-20
CUST10188,Aditya Singh,Male,63,Jaipur,Rajasthan,Small Business,2024-12-28
CUST10189,Meera Patel,Male,20,Mysuru,Karnataka,Corporate,2023-02-19
CUST10190,Diya Rao,Male,38,Nagpur,Maharashtra,Consumer,2024-06-19
CUST10191,Riya Gupta,Female,30,Chhindwara,Madhya Pradesh,Corporate,2023-06-06
CUST10192,Vivaan Sharma,Female,22,Kolkata,West Bengal,Consumer,2024-10-18
CUST10193,Nisha Deshmukh,Male,26,Ahmedabad,Gujarat,Corporate,2026-04-29
CUST10194,Nisha Patel,Male,58,Nagpur,Maharashtra,Consumer,2024-10-20
CUST10195,Nisha Verma,Female,61,Bhopal,Madhya Pradesh,Consumer,2024-06-12
CUST10196,Kabir Patel,Male,53,Udaipur,Rajasthan,Consumer,2024-06-08
CUST10197,Meera Sharma,Female,39,New Delhi,Delhi,Small Business,2024-01-01
CUST10198,Ananya Deshmukh,Female,39,Coimbatore,Tamil Nadu,Consumer,2023-08-16
CUST10199,Ananya Gupta,Male,37,Bengaluru,Karnataka,Consumer,2026-04-17
CUST10200,Isha Patel,Male,38,Surat,Gujarat,Corporate,2025-06-13
CUST10201,Vivaan Singh,Female,36,Bhopal,Madhya Pradesh,Consumer,2026-03-02
CUST10202,Riya Verma,Female,50,Lucknow,Uttar Pradesh,Consumer,2026-02-09
CUST10203,Aarav Singh,Male,29,Indore,Madhya Pradesh,Consumer,2023-11-26
CUST10204,Isha Jain,Male,19,Chennai,Tamil Nadu,Consumer,2024-07-03
CUST10205,Aarav Verma,Female,32,Mumbai,Maharashtra,Small Business,2024-04-11
CUST10206,Ananya Jain,Female,32,Chennai,Tamil Nadu,Small Business,2024-06-22
CUST10207,Riya Singh,Female,44,Lucknow,Uttar Pradesh,Consumer,2026-05-18
CUST10208,Vivaan Jain,Female,36,Kolkata,West Bengal,Consumer,2025-05-17
CUST10209,Diya Singh,Male,49,Pune,Maharashtra,Consumer,2025-05-14
CUST10210,Kabir Jain,Male,54,Mumbai,Maharashtra,Corporate,2023-03-13
CUST10211,Priya Gupta,Male,35,Noida,Uttar Pradesh,Consumer,2023-05-08
CUST10212,Rohan Sharma,Female,21,Nagpur,Maharashtra,Consumer,2025-06-08
CUST10213,Rohan Gupta,Female,34,Mysuru,Karnataka,Corporate,2024-01-28
CUST10214,Diya Patel,Male,47,Udaipur,Rajasthan,Consumer,2024-04-01
CUST10215,Aarav Sharma,Female,23,Nagpur,Maharashtra,Consumer,2025-12-15
CUST10216,Kabir Jain,Male,20,New Delhi,Delhi,Consumer,2025-07-05
CUST10217,Nisha Deshmukh,Female,23,Lucknow,Uttar Pradesh,Consumer,2025-12-11
CUST10218,Aditya Deshmukh,Female,30,Lucknow,Uttar Pradesh,Corporate,2025-01-09
CUST10219,Ananya Rao,Female,28,Chhindwara,Madhya Pradesh,Consumer,2024-01-16
CUST10220,Nisha Gupta,Male,59,Kolkata,West Bengal,Consumer,2024-08-26
CUST10221,Arjun Jain,Male,42,Udaipur,Rajasthan,Consumer,2024-05-01
CUST10222,Kabir Sharma,Female,49,Jaipur,Rajasthan,Consumer,2026-04-26
CUST10223,Diya Gupta,Female,48,Jaipur,Rajasthan,Small Business,2025-10-13
CUST10224,Nisha Jain,Other,33,Jaipur,Rajasthan,Consumer,2025-08-07
CUST10225,Rohan Jain,Male,28,Bhopal,Madhya Pradesh,Consumer,2023-10-05
CUST10226,Arjun Verma,Male,38,Mysuru,Karnataka,Consumer,2024-05-19
CUST10227,Diya Deshmukh,Female,38,Chennai,Tamil Nadu,Consumer,2023-04-29
CUST10228,Kabir Sharma,Male,57,Kolkata,West Bengal,Consumer,2026-04-28
CUST10229,Nisha Gupta,Female,58,Ahmedabad,Gujarat,Consumer,2023-09-17
CUST10230,Kabir Jain,Other,51,Bengaluru,Karnataka,Small Business,2026-05-02
CUST10231,Aditya Singh,Female,47,Coimbatore,Tamil Nadu,Corporate,2026-01-17
CUST10232,Aditya Patel,Female,47,Bhopal,Madhya Pradesh,Consumer,2023-11-15
CUST10233,Kabir Singh,Female,65,Mumbai,Maharashtra,Consumer,2025-08-25
CUST10234,Arjun Mehta,Male,58,Noida,Uttar Pradesh,Corporate,2026-05-05
CUST10235,Ishaan Mehta,Male,46,Mysuru,Karnataka,Small Business,2026-05-02
CUST10236,Kabir Das,Male,27,Noida,Uttar Pradesh,Consumer,2023-09-16
CUST10237,Vivaan Sharma,Female,28,Noida,Uttar Pradesh,Consumer,2025-11-19
CUST10238,Nisha Mehta,Female,33,New Delhi,Delhi,Corporate,2026-05-18
CUST10239,Nisha Singh,Female,58,Coimbatore,Tamil Nadu,Consumer,2026-04-03
CUST10240,Nisha Mehta,Female,47,Chennai,Tamil Nadu,Corporate,2024-08-25
CUST10241,Arjun Deshmukh,Female,49,Coimbatore,Tamil Nadu,Consumer,2024-11-26
CUST10242,Ananya Rao,Male,21,Mysuru,Karnataka,Consumer,2026-03-09
CUST10243,Diya Singh,Female,26,Coimbatore,Tamil Nadu,Consumer,2024-01-15
CUST10244,Vivaan Mehta,Male,53,Surat,Gujarat,Consumer,2024-08-31
CUST10245,Riya Das,Male,52,Surat,Gujarat,Consumer,2023-11-08
CUST10246,Aditya Rao,Female,38,Bengaluru,Karnataka,Corporate,2023-07-21
CUST10247,Priya Deshmukh,Other,27,Noida,Uttar Pradesh,Consumer,2025-07-29
CUST10248,Rohan Gupta,Female,65,New Delhi,Delhi,Consumer,2023-03-03
CUST10249,Ishaan Gupta,Male,52,Jaipur,Rajasthan,Corporate,2026-03-29
CUST10250,Vivaan Mehta,Female,60,Ahmedabad,Gujarat,Consumer,2025-04-25
CUST10251,Aarav Patel,Male,62,Noida,Uttar Pradesh,Consumer,2023-04-18
CUST10252,Ananya Deshmukh,Female,23,Noida,Uttar Pradesh,Consumer,2024-03-04
CUST10253,Diya Deshmukh,Female,26,Kolkata,West Bengal,Small Business,2025-06-17
CUST10254,Ananya Verma,Male,26,Chennai,Tamil Nadu,Consumer,2026-01-27
CUST10255,Riya Rao,Female,21,Chennai,Tamil Nadu,Corporate,2025-04-07
CUST10256,Ananya Jain,Female,65,Mysuru,Karnataka,Consumer,2025-11-01
CUST10257,Priya Singh,Female,49,Ahmedabad,Gujarat,Small Business,2023-11-11
CUST10258,Arjun Jain,Female,21,Noida,Uttar Pradesh,Consumer,2026-05-04
CUST10259,Vivaan Das,Female,24,Coimbatore,Tamil Nadu,Corporate,2024-11-21
CUST10260,Nisha Jain,Male,18,Mumbai,Maharashtra,Corporate,2025-07-09
CUST10261,Meera Patel,Female,42,Kolkata,West Bengal,Small Business,2024-08-15
CUST10262,Aarav Jain,Male,43,Lucknow,Uttar Pradesh,Corporate,2025-11-01
CUST10263,Isha Patel,Male,27,Bengaluru,Karnataka,Consumer,2025-02-27
CUST10264,Meera Patel,Other,62,Pune,Maharashtra,Consumer,2023-04-10
CUST10265,Arjun Deshmukh,Male,59,Chhindwara,Madhya Pradesh,Corporate,2026-02-28
CUST10266,Aditya Deshmukh,Female,28,Mumbai,Maharashtra,Consumer,2026-02-20
CUST10267,Arjun Mehta,Female,39,Chhindwara,Madhya Pradesh,Small Business,2026-01-09
CUST10268,Rohan Deshmukh,Female,65,Bengaluru,Karnataka,Corporate,2024-08-21
CUST10269,Vivaan Rao,Female,34,New Delhi,Delhi,Consumer,2023-01-02
CUST10270,Kabir Rao,Male,32,New Delhi,Delhi,Consumer,2025-09-23
CUST10271,Aarav Verma,Female,49,Surat,Gujarat,Consumer,2023-08-26
CUST10272,Aarav Das,Male,33,Kolkata,West Bengal,Consumer,2026-05-18
CUST10273,Rohan Jain,Female,50,Lucknow,Uttar Pradesh,Consumer,2025-12-01
CUST10274,Isha Rao,Male,33,Bhopal,Madhya Pradesh,Consumer,2024-01-09
CUST10275,Rohan Deshmukh,Male,22,Lucknow,Uttar Pradesh,Consumer,2023-04-06
CUST10276,Kabir Rao,Female,34,Mysuru,Karnataka,Consumer,2026-03-13
CUST10277,Aditya Das,Male,61,New Delhi,Delhi,Consumer,2023-09-24
CUST10278,Isha Mehta,Female,41,New Delhi,Delhi,Consumer,2024-02-24
CUST10279,Isha Das,Female,56,Chennai,Tamil Nadu,Small Business,2023-09-12
CUST10280,Aarav Mehta,Female,53,Noida,Uttar Pradesh,Consumer,2025-04-01
CUST10281,Ananya Mehta,Female,44,Noida,Uttar Pradesh,Consumer,2024-03-07
CUST10282,Aarav Mehta,Female,25,Chhindwara,Madhya Pradesh,Consumer,2025-08-01
CUST10283,Ananya Verma,Male,58,Surat,Gujarat,Consumer,2023-04-14
CUST10284,Diya Rao,Male,62,Ahmedabad,Gujarat,Corporate,2024-05-14
CUST10285,Kabir Patel,Female,36,Jaipur,Rajasthan,Corporate,2026-01-30
CUST10286,Ishaan Gupta,Male,35,Mumbai,Maharashtra,Small Business,2023-01-31
CUST10287,Arjun Singh,Male,20,Chhindwara,Madhya Pradesh,Small Business,2023-12-29
CUST10288,Kabir Gupta,Male,29,New Delhi,Delhi,Consumer,2023-10-06
CUST10289,Isha Jain,Male,62,New Delhi,Delhi,Consumer,2023-08-16
CUST10290,Priya Patel,Female,32,Pune,Maharashtra,Consumer,2025-08-21
CUST10291,Diya Singh,Female,63,Mumbai,Maharashtra,Small Business,2026-06-19
CUST10292,Ishaan Das,Female,26,Chhindwara,Madhya Pradesh,Consumer,2025-06-04
CUST10293,Diya Rao,Male,51,Mysuru,Karnataka,Consumer,2025-04-12
CUST10294,Aarav Gupta,Female,28,Nagpur,Maharashtra,Consumer,2025-08-04
CUST10295,Meera Deshmukh,Male,19,New Delhi,Delhi,Corporate,2024-04-08
CUST10296,Vivaan Jain,Male,24,Indore,Madhya Pradesh,Consumer,2023-01-22
CUST10297,Rohan Verma,Female,56,Chennai,Tamil Nadu,Consumer,2025-05-05
CUST10298,Vivaan Rao,Male,46,Mumbai,Maharashtra,Consumer,2026-06-27
CUST10299,Meera Sharma,Female,57,Indore,Madhya Pradesh,Consumer,2025-11-26
CUST10300,Isha Mehta,Female,60,Surat,Gujarat,Consumer,2025-11-19
CUST10301,Riya Deshmukh,Female,35,Pune,Maharashtra,Consumer,2024-06-23
CUST10302,Nisha Rao,Male,40,Noida,Uttar Pradesh,Corporate,2023-04-21
CUST10303,Meera Deshmukh,Male,22,Bengaluru,Karnataka,Small Business,2024-03-20
CUST10304,Kabir Patel,Female,51,New Delhi,Delhi,Corporate,2024-06-24
CUST10305,Meera Patel,Female,48,Kolkata,West Bengal,Consumer,2024-05-18
CUST10306,Ishaan Jain,Female,40,Kolkata,West Bengal,Consumer,2025-03-18
CUST10307,Vivaan Das,Male,47,Surat,Gujarat,Consumer,2025-01-20
CUST10308,Isha Jain,Male,18,Mumbai,Maharashtra,Consumer,2026-05-19
CUST10309,Diya Sharma,Male,34,Mysuru,Karnataka,Consumer,2024-07-21
CUST10310,Ananya Mehta,Female,53,Lucknow,Uttar Pradesh,Corporate,2024-01-05
CUST10311,Ananya Rao,Male,42,Kolkata,West Bengal,Consumer,2024-07-16
CUST10312,Riya Mehta,Male,39,Kolkata,West Bengal,Consumer,2023-08-23
CUST10313,Aarav Jain,Male,32,Mysuru,Karnataka,Consumer,2024-05-04
CUST10314,Vivaan Deshmukh,Female,61,Surat,Gujarat,Consumer,2023-01-22
CUST10315,Ishaan Jain,Female,19,Kolkata,West Bengal,Consumer,2026-02-22
CUST10316,Diya Patel,Male,25,Lucknow,Uttar Pradesh,Consumer,2023-12-25
CUST10317,Kabir Verma,Female,43,Nagpur,Maharashtra,Small Business,2024-06-24
CUST10318,Ishaan Gupta,Female,60,Mumbai,Maharashtra,Corporate,2023-08-13
CUST10319,Priya Sharma,Other,28,New Delhi,Delhi,Small Business,2024-09-29
CUST10320,Priya Verma,Female,62,Noida,Uttar Pradesh,Consumer,2023-04-06
CUST10321,Ishaan Patel,Female,49,Bengaluru,Karnataka,Corporate,2026-06-21
CUST10322,Isha Sharma,Male,61,Kolkata,West Bengal,Corporate,2025-05-29
CUST10323,Aarav Patel,Male,25,Pune,Maharashtra,Consumer,2024-07-29
CUST10324,Aarav Verma,Female,40,Mysuru,Karnataka,Consumer,2025-06-24
CUST10325,Kabir Deshmukh,Male,58,Jaipur,Rajasthan,Consumer,2023-03-17
CUST10326,Rohan Das,Female,60,Bengaluru,Karnataka,Consumer,2024-12-17
CUST10327,Rohan Das,Female,19,Jaipur,Rajasthan,Corporate,2025-09-04
CUST10328,Isha Patel,Male,27,Pune,Maharashtra,Consumer,2023-05-15
CUST10329,Ananya Deshmukh,Male,52,Noida,Uttar Pradesh,Consumer,2025-08-04
CUST10330,Kabir Verma,Female,36,Udaipur,Rajasthan,Consumer,2023-09-19
CUST10331,Diya Sharma,Female,22,Kolkata,West Bengal,Small Business,2025-11-13
CUST10332,Vivaan Verma,Male,59,New Delhi,Delhi,Consumer,2023-10-19
CUST10333,Nisha Rao,Male,18,Noida,Uttar Pradesh,Small Business,2025-03-09
CUST10334,Arjun Sharma,Female,20,Ahmedabad,Gujarat,Consumer,2025-09-28
CUST10335,Ishaan Rao,Female,32,Jaipur,Rajasthan,Small Business,2024-09-14
CUST10336,Isha Patel,Male,56,Mysuru,Karnataka,Consumer,2026-04-22
CUST10337,Priya Deshmukh,Male,52,Mysuru,Karnataka,Consumer,2023-04-06
CUST10338,Kabir Singh,Male,65,Coimbatore,Tamil Nadu,Small Business,2024-12-19
CUST10339,Ananya Gupta,Female,52,Noida,Uttar Pradesh,Consumer,2023-03-12
CUST10340,Rohan Deshmukh,Male,55,Ahmedabad,Gujarat,Consumer,2023-04-29
CUST10341,Aditya Sharma,Male,53,Mumbai,Maharashtra,Consumer,2025-10-30
CUST10342,Ishaan Patel,Male,41,Kolkata,West Bengal,Corporate,2026-04-27
CUST10343,Ananya Singh,Male,58,Noida,Uttar Pradesh,Consumer,2023-09-27
CUST10344,Priya Jain,Female,52,Jaipur,Rajasthan,Consumer,2024-03-23
CUST10345,Diya Singh,Male,29,Noida,Uttar Pradesh,Consumer,2026-04-19
CUST10346,Kabir Sharma,Female,64,Coimbatore,Tamil Nadu,Consumer,2025-02-18
CUST10347,Riya Mehta,Male,30,Lucknow,Uttar Pradesh,Consumer,2025-12-15
CUST10348,Rohan Rao,Male,63,Mysuru,Karnataka,Corporate,2026-06-06
CUST10349,Nisha Verma,Male,22,Mysuru,Karnataka,Consumer,2024-03-11
CUST10350,Kabir Mehta,Male,62,Nagpur,Maharashtra,Consumer,2024-04-06
CUST10351,Ishaan Mehta,Female,63,Bengaluru,Karnataka,Consumer,2024-10-30
CUST10352,Kabir Patel,Male,57,Chennai,Tamil Nadu,Consumer,2025-07-02
CUST10353,Arjun Verma,Female,28,Chhindwara,Madhya Pradesh,Consumer,2025-02-06
CUST10354,Aditya Gupta,Male,37,Udaipur,Rajasthan,Consumer,2026-04-28
CUST10355,Vivaan Mehta,Female,62,Ahmedabad,Gujarat,Consumer,2023-11-10
CUST10356,Meera Patel,Male,21,Mumbai,Maharashtra,Small Business,2023-01-23
CUST10357,Arjun Das,Female,22,Ahmedabad,Gujarat,Consumer,2026-04-21
CUST10358,Meera Singh,Female,29,Noida,Uttar Pradesh,Consumer,2023-02-27
CUST10359,Vivaan Verma,Female,51,Nagpur,Maharashtra,Consumer,2023-08-22
CUST10360,Isha Das,Male,38,Kolkata,West Bengal,Consumer,2025-03-16
CUST10361,Aarav Rao,Female,39,Noida,Uttar Pradesh,Consumer,2023-02-19
CUST10362,Nisha Das,Male,49,Kolkata,West Bengal,Consumer,2024-06-06
CUST10363,Meera Mehta,Female,50,Noida,Uttar Pradesh,Corporate,2025-12-02
CUST10364,Kabir Gupta,Female,46,Surat,Gujarat,Consumer,2025-05-15
CUST10365,Meera Gupta,Male,19,Lucknow,Uttar Pradesh,Small Business,2024-06-09
CUST10366,Meera Rao,Female,24,New Delhi,Delhi,Consumer,2023-05-24
CUST10367,Riya Mehta,Female,38,Surat,Gujarat,Consumer,2023-10-22
CUST10368,Meera Patel,Male,46,Jaipur,Rajasthan,Consumer,2026-04-04
CUST10369,Rohan Gupta,Male,54,Kolkata,West Bengal,Corporate,2023-05-06
CUST10370,Aarav Sharma,Male,38,Surat,Gujarat,Consumer,2024-02-14
CUST10371,Rohan Verma,Male,43,Jaipur,Rajasthan,Consumer,2025-08-20
CUST10372,Meera Deshmukh,Male,63,Kolkata,West Bengal,Corporate,2025-12-19
CUST10373,Riya Rao,Male,60,Indore,Madhya Pradesh,Consumer,2023-12-29
CUST10374,Meera Sharma,Female,51,Coimbatore,Tamil Nadu,Small Business,2024-11-30
CUST10375,Aarav Patel,Female,60,Noida,Uttar Pradesh,Corporate,2024-07-08
CUST10376,Ishaan Patel,Male,50,Chhindwara,Madhya Pradesh,Consumer,2025-09-20
CUST10377,Priya Singh,Female,61,Chennai,Tamil Nadu,Small Business,2023-11-29
CUST10378,Arjun Das,Male,33,Mumbai,Maharashtra,Small Business,2023-11-10
CUST10379,Aditya Mehta,Female,42,Surat,Gujarat,Consumer,2024-04-06
CUST10380,Rohan Gupta,Female,48,Jaipur,Rajasthan,Consumer,2025-12-20
CUST10381,Riya Singh,Male,22,New Delhi,Delhi,Small Business,2023-10-13
CUST10382,Kabir Singh,Male,63,Coimbatore,Tamil Nadu,Consumer,2023-10-28
CUST10383,Ananya Mehta,Female,44,Noida,Uttar Pradesh,Consumer,2026-04-10
CUST10384,Arjun Rao,Male,50,Chhindwara,Madhya Pradesh,Consumer,2024-01-03
CUST10385,Ananya Patel,Male,34,Mumbai,Maharashtra,Consumer,2024-07-19
CUST10386,Riya Mehta,Male,33,Nagpur,Maharashtra,Consumer,2024-03-22
CUST10387,Aarav Rao,Female,21,Chhindwara,Madhya Pradesh,Corporate,2025-08-04
CUST10388,Meera Rao,Female,62,Kolkata,West Bengal,Corporate,2024-01-29
CUST10389,Ishaan Patel,Female,40,Nagpur,Maharashtra,Consumer,2023-03-08
CUST10390,Ananya Patel,Female,54,Kolkata,West Bengal,Consumer,2025-10-29
CUST10391,Ananya Gupta,Male,32,Indore,Madhya Pradesh,Consumer,2023-05-19
CUST10392,Vivaan Deshmukh,Female,24,New Delhi,Delhi,Consumer,2024-12-17
CUST10393,Riya Gupta,Female,62,Udaipur,Rajasthan,Small Business,2023-07-26
CUST10394,Riya Sharma,Female,44,Coimbatore,Tamil Nadu,Consumer,2024-03-07
CUST10395,Aditya Mehta,Male,40,Chennai,Tamil Nadu,Consumer,2026-05-20
CUST10396,Rohan Singh,Female,21,Bhopal,Madhya Pradesh,Consumer,2026-01-03
CUST10397,Arjun Sharma,Male,23,Nagpur,Maharashtra,Consumer,2025-02-13
CUST10398,Diya Sharma,Female,53,Surat,Gujarat,Consumer,2023-07-28
CUST10399,Isha Deshmukh,Male,40,Nagpur,Maharashtra,Consumer,2025-09-10
CUST10400,Diya Das,Male,32,Jaipur,Rajasthan,Consumer,2025-01-17
CUST10401,Riya Das,Female,39,Chhindwara,Madhya Pradesh,Consumer,2023-10-16
CUST10402,Nisha Singh,Female,19,Noida,Uttar Pradesh,Consumer,2023-07-21
CUST10403,Arjun Jain,Female,21,Nagpur,Maharashtra,Consumer,2025-04-26
CUST10404,Aditya Mehta,Male,24,Mysuru,Karnataka,Corporate,2025-07-24
CUST10405,Aarav Deshmukh,Female,22,New Delhi,Delhi,Corporate,2024-02-20
CUST10406,Aarav Deshmukh,Female,49,Coimbatore,Tamil Nadu,Consumer,2025-10-09
CUST10407,Priya Verma,Female,52,Mysuru,Karnataka,Consumer,2025-10-17
CUST10408,Isha Sharma,Female,64,Bengaluru,Karnataka,Consumer,2025-05-26
CUST10409,Aditya Singh,Male,53,Jaipur,Rajasthan,Small Business,2024-01-18
CUST10410,Rohan Verma,Female,50,Jaipur,Rajasthan,Consumer,2025-11-26
CUST10411,Aditya Singh,Female,63,Surat,Gujarat,Corporate,2023-09-09
CUST10412,Arjun Das,Male,31,New Delhi,Delhi,Consumer,2024-04-04
CUST10413,Riya Sharma,Female,18,Ahmedabad,Gujarat,Consumer,2024-07-19
CUST10414,Nisha Singh,Male,60,Bengaluru,Karnataka,Consumer,2023-01-11
CUST10415,Meera Singh,Female,19,Coimbatore,Tamil Nadu,Consumer,2025-03-29
CUST10416,Kabir Patel,Male,49,Jaipur,Rajasthan,Consumer,2023-03-30
CUST10417,Aarav Jain,Male,33,Jaipur,Rajasthan,Consumer,2025-06-19
CUST10418,Riya Das,Female,65,Bengaluru,Karnataka,Consumer,2026-05-12
CUST10419,Isha Deshmukh,Male,45,Nagpur,Maharashtra,Consumer,2026-02-09
CUST10420,Riya Patel,Male,27,New Delhi,Delhi,Corporate,2025-12-18
CUST10421,Vivaan Rao,Male,31,Ahmedabad,Gujarat,Consumer,2023-10-27
CUST10422,Rohan Das,Female,30,Coimbatore,Tamil Nadu,Consumer,2023-06-29
CUST10423,Rohan Patel,Male,62,Mumbai,Maharashtra,Consumer,2025-03-10
CUST10424,Nisha Gupta,Other,25,Udaipur,Rajasthan,Corporate,2024-11-05
CUST10425,Isha Mehta,Male,28,Surat,Gujarat,Consumer,2025-02-05
CUST10426,Diya Rao,Female,23,Jaipur,Rajasthan,Consumer,2026-05-22
CUST10427,Rohan Patel,Male,23,Kolkata,West Bengal,Corporate,2024-12-19
CUST10428,Ananya Jain,Male,39,Pune,Maharashtra,Consumer,2024-03-10
CUST10429,Ishaan Singh,Male,27,Surat,Gujarat,Corporate,2025-06-11
CUST10430,Aditya Rao,Female,39,Kolkata,West Bengal,Corporate,2026-05-09
CUST10431,Vivaan Patel,Female,23,Lucknow,Uttar Pradesh,Consumer,2023-04-11
CUST10432,Rohan Mehta,Male,42,Nagpur,Maharashtra,Consumer,2025-07-05
CUST10433,Diya Patel,Female,58,Mumbai,Maharashtra,Corporate,2023-02-07
CUST10434,Aditya Jain,Male,44,Surat,Gujarat,Consumer,2023-08-05
CUST10435,Vivaan Gupta,Male,54,Bengaluru,Karnataka,Consumer,2023-01-05
CUST10436,Kabir Gupta,Female,20,Chhindwara,Madhya Pradesh,Consumer,2025-12-11
CUST10437,Kabir Rao,Female,18,Nagpur,Maharashtra,Corporate,2023-06-06
CUST10438,Aarav Rao,Female,25,Bhopal,Madhya Pradesh,Consumer,2023-11-23
CUST10439,Nisha Patel,Female,52,Jaipur,Rajasthan,Consumer,2024-04-03
CUST10440,Rohan Jain,Male,53,Bengaluru,Karnataka,Consumer,2024-09-05
CUST10441,Aarav Verma,Female,44,Kolkata,West Bengal,Consumer,2023-03-05
CUST10442,Aditya Singh,Male,50,Nagpur,Maharashtra,Corporate,2026-01-30
CUST10443,Arjun Rao,Male,35,Surat,Gujarat,Consumer,2026-03-11
CUST10444,Ananya Patel,Male,41,New Delhi,Delhi,Consumer,2024-05-19
CUST10445,Arjun Rao,Male,57,Bengaluru,Karnataka,Consumer,2025-03-11
CUST10446,Rohan Patel,Female,21,Bhopal,Madhya Pradesh,Corporate,2025-10-14
CUST10447,Priya Das,Male,58,Kolkata,West Bengal,Consumer,2025-08-04
CUST10448,Isha Das,Female,30,New Delhi,Delhi,Consumer,2025-06-10
CUST10449,Meera Deshmukh,Female,62,Coimbatore,Tamil Nadu,Consumer,2025-10-10
CUST10450,Arjun Patel,Female,30,Ahmedabad,Gujarat,Consumer,2023-01-14
CUST10451,Arjun Sharma,Male,45,New Delhi,Delhi,Consumer,2023-03-05
CUST10452,Aarav Deshmukh,Male,22,Bhopal,Madhya Pradesh,Consumer,2023-09-15
CUST10453,Meera Gupta,Male,52,Nagpur,Maharashtra,Consumer,2026-03-30
CUST10454,Meera Jain,Male,45,Kolkata,West Bengal,Consumer,2024-01-16
CUST10455,Ishaan Jain,Male,38,New Delhi,Delhi,Consumer,2024-06-15
CUST10456,Ishaan Jain,Female,55,Udaipur,Rajasthan,Consumer,2024-08-22
CUST10457,Arjun Verma,Female,60,Mysuru,Karnataka,Corporate,2024-12-04
CUST10458,Rohan Gupta,Female,39,Pune,Maharashtra,Corporate,2023-02-03
CUST10459,Meera Das,Male,32,Noida,Uttar Pradesh,Consumer,2023-01-17
CUST10460,Ishaan Gupta,Male,41,New Delhi,Delhi,Small Business,2026-03-03
CUST10461,Vivaan Das,Male,22,Chhindwara,Madhya Pradesh,Consumer,2023-09-28
CUST10462,Diya Sharma,Male,62,Mysuru,Karnataka,Consumer,2025-03-26
CUST10463,Isha Singh,Male,52,Coimbatore,Tamil Nadu,Corporate,2025-10-25
CUST10464,Rohan Deshmukh,Female,26,Jaipur,Rajasthan,Corporate,2026-06-20
CUST10465,Riya Patel,Male,32,Kolkata,West Bengal,Corporate,2023-05-06
CUST10466,Rohan Mehta,Male,24,Jaipur,Rajasthan,Small Business,2026-04-15
CUST10467,Priya Verma,Female,45,Lucknow,Uttar Pradesh,Small Business,2025-11-19
CUST10468,Aarav Sharma,Male,54,Udaipur,Rajasthan,Small Business,2025-10-13
CUST10469,Aarav Rao,Female,61,Ahmedabad,Gujarat,Consumer,2024-06-02
CUST10470,Aditya Mehta,Female,64,Indore,Madhya Pradesh,Small Business,2025-01-01
CUST10471,Diya Singh,Female,64,Jaipur,Rajasthan,Corporate,2024-10-10
CUST10472,Nisha Das,Female,20,New Delhi,Delhi,Small Business,2025-03-09
CUST10473,Vivaan Singh,Female,59,Coimbatore,Tamil Nadu,Consumer,2025-06-22
CUST10474,Priya Patel,Male,19,Jaipur,Rajasthan,Consumer,2023-11-22
CUST10475,Nisha Mehta,Female,56,Udaipur,Rajasthan,Consumer,2023-06-15
CUST10476,Riya Verma,Male,21,New Delhi,Delhi,Consumer,2024-06-05
CUST10477,Nisha Deshmukh,Male,42,New Delhi,Delhi,Corporate,2026-04-23
CUST10478,Aditya Patel,Female,32,New Delhi,Delhi,Consumer,2024-06-27
CUST10479,Nisha Mehta,Male,19,Ahmedabad,Gujarat,Corporate,2024-11-04
CUST10480,Ananya Verma,Male,23,Bengaluru,Karnataka,Consumer,2026-05-28
CUST10481,Arjun Gupta,Female,40,Chennai,Tamil Nadu,Consumer,2025-09-08
CUST10482,Ishaan Jain,Male,52,Coimbatore,Tamil Nadu,Small Business,2026-01-31
CUST10483,Aarav Jain,Male,59,Chennai,Tamil Nadu,Consumer,2023-08-28
CUST10484,Kabir Jain,Female,25,New Delhi,Delhi,Consumer,2024-07-08
CUST10485,Vivaan Singh,Male,20,Mysuru,Karnataka,Small Business,2026-03-12
CUST10486,Meera Jain,Male,38,Udaipur,Rajasthan,Consumer,2025-07-14
CUST10487,Ananya Gupta,Female,48,Coimbatore,Tamil Nadu,Corporate,2023-10-31
CUST10488,Riya Patel,Female,31,Mumbai,Maharashtra,Corporate,2024-04-29
CUST10489,Ananya Das,Female,33,Surat,Gujarat,Consumer,2023-08-10
CUST10490,Priya Sharma,Female,54,Coimbatore,Tamil Nadu,Consumer,2024-07-02
CUST10491,Ishaan Gupta,Female,26,Kolkata,West Bengal,Small Business,2025-11-21
CUST10492,Riya Das,Female,47,New Delhi,Delhi,Corporate,2025-09-17
CUST10493,Meera Verma,Male,20,Udaipur,Rajasthan,Consumer,2026-01-13
CUST10494,Rohan Mehta,Male,39,Pune,Maharashtra,Small Business,2023-07-05
CUST10495,Rohan Mehta,Male,58,New Delhi,Delhi,Consumer,2025-09-26
CUST10496,Ananya Verma,Female,39,Bengaluru,Karnataka,Consumer,2025-03-06
CUST10497,Kabir Verma,Female,55,Indore,Madhya Pradesh,Small Business,2025-04-02
CUST10498,Isha Sharma,Male,45,Coimbatore,Tamil Nadu,Corporate,2023-05-16
CUST10499,Rohan Rao,Female,22,Ahmedabad,Gujarat,Consumer,2025-10-13
CUST10500,Diya Das,Male,30,Coimbatore,Tamil Nadu,Consumer,2025-12-09
CUST10501,Rohan Das,Female,43,Kolkata,West Bengal,Consumer,2023-06-01
CUST10502,Rohan Singh,Female,59,Chennai,Tamil Nadu,Consumer,2023-03-01
CUST10503,Isha Rao,Male,65,Kolkata,West Bengal,Consumer,2025-06-23
CUST10504,Isha Das,Male,21,Chhindwara,Madhya Pradesh,Consumer,2026-06-21
CUST10505,Ishaan Patel,Female,29,Ahmedabad,Gujarat,Consumer,2023-09-01
CUST10506,Aarav Das,Male,44,Chhindwara,Madhya Pradesh,Consumer,2025-06-12
CUST10507,Vivaan Sharma,Female,51,Udaipur,Rajasthan,Consumer,2025-05-27
CUST10508,Aditya Gupta,Male,30,Bhopal,Madhya Pradesh,Corporate,2025-12-24
CUST10509,Priya Mehta,Female,58,Kolkata,West Bengal,Small Business,2024-02-25
CUST10510,Isha Patel,Male,49,Coimbatore,Tamil Nadu,Small Business,2026-05-09
CUST10511,Aditya Rao,Male,31,New Delhi,Delhi,Consumer,2023-09-06
CUST10512,Kabir Jain,Female,52,Lucknow,Uttar Pradesh,Consumer,2023-01-04
CUST10513,Isha Gupta,Female,23,Kolkata,West Bengal,Corporate,2024-12-04
CUST10514,Ishaan Jain,Female,24,Kolkata,West Bengal,Small Business,2025-07-21
CUST10515,Meera Sharma,Female,46,Noida,Uttar Pradesh,Consumer,2023-06-11
CUST10516,Rohan Patel,Female,27,Kolkata,West Bengal,Corporate,2026-03-13
CUST10517,Meera Das,Male,33,Bengaluru,Karnataka,Consumer,2023-04-04
CUST10518,Arjun Sharma,Female,32,Pune,Maharashtra,Corporate,2023-10-23
CUST10519,Nisha Deshmukh,Female,55,Noida,Uttar Pradesh,Corporate,2026-03-20
CUST10520,Rohan Deshmukh,Male,47,Ahmedabad,Gujarat,Consumer,2026-03-19
CUST10521,Nisha Mehta,Female,59,Ahmedabad,Gujarat,Small Business,2026-01-27
CUST10522,Rohan Deshmukh,Female,33,Noida,Uttar Pradesh,Corporate,2025-07-01
CUST10523,Nisha Mehta,Female,32,Udaipur,Rajasthan,Consumer,2024-11-11
CUST10524,Arjun Das,Female,63,Kolkata,West Bengal,Consumer,2023-12-21
CUST10525,Kabir Verma,Male,27,Mysuru,Karnataka,Consumer,2023-09-08
CUST10526,Vivaan Das,Male,52,Kolkata,West Bengal,Small Business,2026-04-11
CUST10527,Nisha Jain,Female,64,Noida,Uttar Pradesh,Consumer,2023-08-08
CUST10528,Aarav Singh,Other,25,Noida,Uttar Pradesh,Corporate,2026-04-26
CUST10529,Riya Jain,Male,57,New Delhi,Delhi,Consumer,2025-10-05
CUST10530,Rohan Jain,Male,51,Kolkata,West Bengal,Consumer,2025-02-08
CUST10531,Kabir Rao,Male,30,Kolkata,West Bengal,Consumer,2026-05-26
CUST10532,Nisha Singh,Female,42,Noida,Uttar Pradesh,Corporate,2024-09-03
CUST10533,Ananya Das,Female,40,Udaipur,Rajasthan,Consumer,2023-12-03
CUST10534,Priya Jain,Male,20,Kolkata,West Bengal,Consumer,2024-06-05
CUST10535,Riya Mehta,Male,20,Coimbatore,Tamil Nadu,Small Business,2026-05-20
CUST10536,Meera Sharma,Male,45,Chhindwara,Madhya Pradesh,Consumer,2023-02-28
CUST10537,Priya Deshmukh,Female,37,New Delhi,Delhi,Consumer,2024-02-26
CUST10538,Meera Mehta,Male,42,Chennai,Tamil Nadu,Small Business,2024-10-16
CUST10539,Aarav Singh,Female,23,Chhindwara,Madhya Pradesh,Small Business,2024-08-08
CUST10540,Rohan Jain,Female,48,Mysuru,Karnataka,Consumer,2024-07-22
CUST10541,Kabir Jain,Female,48,Mumbai,Maharashtra,Consumer,2025-09-12
CUST10542,Priya Verma,Female,43,Mumbai,Maharashtra,Corporate,2026-04-23
CUST10543,Nisha Deshmukh,Female,43,Pune,Maharashtra,Corporate,2026-06-03
CUST10544,Riya Gupta,Male,27,Mysuru,Karnataka,Consumer,2025-12-14
CUST10545,Arjun Das,Female,55,Chhindwara,Madhya Pradesh,Corporate,2025-05-01
CUST10546,Isha Jain,Female,46,Ahmedabad,Gujarat,Consumer,2023-11-16
CUST10547,Arjun Rao,Male,61,Lucknow,Uttar Pradesh,Consumer,2024-01-27
CUST10548,Vivaan Patel,Other,59,Jaipur,Rajasthan,Corporate,2023-01-13
CUST10549,Ananya Gupta,Female,33,Mumbai,Maharashtra,Consumer,2025-07-10
CUST10550,Riya Verma,Male,21,Mysuru,Karnataka,Consumer,2024-04-24
CUST10551,Arjun Gupta,Female,42,Kolkata,West Bengal,Consumer,2026-03-16
CUST10552,Diya Patel,Male,32,Kolkata,West Bengal,Consumer,2023-07-03
CUST10553,Ananya Sharma,Male,48,Ahmedabad,Gujarat,Consumer,2024-06-27
CUST10554,Priya Verma,Female,34,Pune,Maharashtra,Consumer,2025-11-04
CUST10555,Isha Patel,Female,32,Kolkata,West Bengal,Small Business,2025-11-28
CUST10556,Aditya Sharma,Female,27,Noida,Uttar Pradesh,Consumer,2023-01-04
CUST10557,Kabir Singh,Male,35,Mysuru,Karnataka,Consumer,2023-11-13
CUST10558,Diya Das,Male,57,Bengaluru,Karnataka,Corporate,2025-04-10
CUST10559,Meera Das,Male,33,Kolkata,West Bengal,Consumer,2023-10-04
CUST10560,Vivaan Gupta,Male,57,Ahmedabad,Gujarat,Consumer,2024-12-05
CUST10561,Diya Mehta,Male,19,Chennai,Tamil Nadu,Small Business,2024-05-13
CUST10562,Aarav Singh,Male,62,Pune,Maharashtra,Consumer,2023-01-25
CUST10563,Arjun Jain,Female,65,Bengaluru,Karnataka,Consumer,2024-03-14
CUST10564,Nisha Patel,Female,57,Ahmedabad,Gujarat,Corporate,2023-11-26
CUST10565,Kabir Singh,Female,49,Kolkata,West Bengal,Small Business,2024-07-28
CUST10566,Aarav Sharma,Female,26,Mumbai,Maharashtra,Consumer,2024-03-13
CUST10567,Nisha Jain,Female,38,Mysuru,Karnataka,Corporate,2024-09-11
CUST10568,Kabir Gupta,Female,35,Udaipur,Rajasthan,Corporate,2026-02-25
CUST10569,Ananya Deshmukh,Female,64,Chennai,Tamil Nadu,Consumer,2024-01-23
CUST10570,Ananya Gupta,Male,32,Kolkata,West Bengal,Corporate,2025-12-19
CUST10571,Meera Patel,Female,44,Surat,Gujarat,Consumer,2026-06-02
CUST10572,Kabir Deshmukh,Male,51,Surat,Gujarat,Consumer,2026-03-02
CUST10573,Riya Gupta,Female,24,Coimbatore,Tamil Nadu,Consumer,2026-04-04
CUST10574,Meera Mehta,Female,20,Coimbatore,Tamil Nadu,Consumer,2023-04-03
CUST10575,Diya Verma,Male,41,Bhopal,Madhya Pradesh,Small Business,2023-11-25
CUST10576,Nisha Das,Male,40,Surat,Gujarat,Corporate,2023-11-21
CUST10577,Ishaan Verma,Male,27,Jaipur,Rajasthan,Consumer,2023-11-20
CUST10578,Priya Gupta,Male,26,Kolkata,West Bengal,Small Business,2024-06-27
CUST10579,Aarav Das,Female,57,Surat,Gujarat,Small Business,2026-01-17
CUST10580,Riya Sharma,Male,33,Pune,Maharashtra,Small Business,2023-02-13
CUST10581,Arjun Rao,Male,52,Coimbatore,Tamil Nadu,Small Business,2025-10-05
CUST10582,Arjun Sharma,Male,62,New Delhi,Delhi,Consumer,2025-11-19
CUST10583,Riya Deshmukh,Male,56,Surat,Gujarat,Consumer,2026-02-15
CUST10584,Rohan Sharma,Female,32,Nagpur,Maharashtra,Consumer,2023-11-05
CUST10585,Ishaan Jain,Female,60,New Delhi,Delhi,Corporate,2024-09-25
CUST10586,Aarav Verma,Female,53,Noida,Uttar Pradesh,Consumer,2025-11-03
CUST10587,Ishaan Das,Female,43,Coimbatore,Tamil Nadu,Corporate,2023-07-10
CUST10588,Priya Sharma,Male,25,Kolkata,West Bengal,Consumer,2023-02-11
CUST10589,Aditya Singh,Female,56,Coimbatore,Tamil Nadu,Small Business,2023-12-09
CUST10590,Meera Singh,Male,51,Pune,Maharashtra,Consumer,2023-04-19
CUST10591,Priya Gupta,Male,59,Lucknow,Uttar Pradesh,Consumer,2024-12-11
CUST10592,Ishaan Deshmukh,Female,57,Kolkata,West Bengal,Corporate,2024-04-09
CUST10593,Ishaan Das,Female,20,New Delhi,Delhi,Consumer,2025-10-22
CUST10594,Ananya Deshmukh,Female,25,Jaipur,Rajasthan,Consumer,2023-10-25
CUST10595,Vivaan Mehta,Female,63,Lucknow,Uttar Pradesh,Consumer,2023-11-15
CUST10596,Aditya Jain,Male,30,New Delhi,Delhi,Consumer,2024-04-18
CUST10597,Isha Das,Male,39,Bengaluru,Karnataka,Small Business,2026-02-03
CUST10598,Ananya Patel,Male,64,Bengaluru,Karnataka,Small Business,2026-03-16
CUST10599,Kabir Gupta,Male,30,Mumbai,Maharashtra,Small Business,2023-05-04
CUST10600,Meera Jain,Female,33,Chhindwara,Madhya Pradesh,Consumer,2025-08-13
CUST10601,Riya Das,Female,53,Mysuru,Karnataka,Corporate,2025-03-24
CUST10602,Nisha Das,Female,61,Bengaluru,Karnataka,Consumer,2023-09-06
CUST10603,Arjun Gupta,Female,45,Kolkata,West Bengal,Consumer,2023-11-29
CUST10604,Vivaan Rao,Male,59,Mysuru,Karnataka,Corporate,2023-01-27
CUST10605,Diya Rao,Male,28,Chhindwara,Madhya Pradesh,Small Business,2023-06-03
CUST10606,Arjun Gupta,Male,38,Mumbai,Maharashtra,Corporate,2025-06-06
CUST10607,Diya Patel,Male,21,New Delhi,Delhi,Consumer,2026-03-25
CUST10608,Meera Mehta,Male,49,Mumbai,Maharashtra,Consumer,2023-06-03
CUST10609,Ananya Das,Female,31,New Delhi,Delhi,Consumer,2023-11-16
CUST10610,Vivaan Deshmukh,Male,29,Jaipur,Rajasthan,Consumer,2024-07-22
CUST10611,Kabir Rao,Male,64,Mysuru,Karnataka,Corporate,2024-01-29
CUST10612,Arjun Deshmukh,Female,38,Mumbai,Maharashtra,Corporate,2024-06-17
CUST10613,Aditya Deshmukh,Male,22,Noida,Uttar Pradesh,Consumer,2024-11-10
CUST10614,Kabir Das,Female,21,Udaipur,Rajasthan,Consumer,2025-06-19
CUST10615,Diya Patel,Female,32,Nagpur,Maharashtra,Corporate,2024-02-16
CUST10616,Ishaan Mehta,Female,56,Ahmedabad,Gujarat,Consumer,2023-04-21
CUST10617,Aditya Verma,Male,34,Ahmedabad,Gujarat,Consumer,2023-11-05
CUST10618,Ishaan Rao,Female,37,Ahmedabad,Gujarat,Consumer,2023-05-16
CUST10619,Meera Rao,Male,23,Surat,Gujarat,Consumer,2024-05-17
CUST10620,Arjun Rao,Male,55,Kolkata,West Bengal,Consumer,2025-08-17
CUST10621,Isha Jain,Male,45,Nagpur,Maharashtra,Consumer,2025-04-24
CUST10622,Nisha Sharma,Female,18,Noida,Uttar Pradesh,Consumer,2023-07-18
CUST10623,Priya Deshmukh,Male,38,Bengaluru,Karnataka,Consumer,2024-04-01
CUST10624,Priya Gupta,Male,30,Noida,Uttar Pradesh,Consumer,2024-09-10
CUST10625,Isha Das,Female,26,Pune,Maharashtra,Small Business,2024-04-09
CUST10626,Arjun Verma,Male,46,Lucknow,Uttar Pradesh,Consumer,2024-05-24
CUST10627,Riya Deshmukh,Male,59,Pune,Maharashtra,Small Business,2023-10-21
CUST10628,Rohan Deshmukh,Male,27,Bengaluru,Karnataka,Consumer,2024-12-05
CUST10629,Arjun Das,Male,62,Kolkata,West Bengal,Consumer,2024-11-15
CUST10630,Ishaan Rao,Female,51,Indore,Madhya Pradesh,Small Business,2026-05-05
CUST10631,Aarav Deshmukh,Female,33,New Delhi,Delhi,Consumer,2025-09-29
CUST10632,Nisha Das,Male,54,Mumbai,Maharashtra,Consumer,2026-05-18
CUST10633,Isha Verma,Male,29,Indore,Madhya Pradesh,Consumer,2023-11-27
CUST10634,Ishaan Mehta,Female,65,Ahmedabad,Gujarat,Corporate,2024-05-31
CUST10635,Aditya Jain,Male,26,Mumbai,Maharashtra,Consumer,2023-08-29
CUST10636,Ishaan Gupta,Female,55,Nagpur,Maharashtra,Corporate,2023-03-13
CUST10637,Arjun Deshmukh,Female,64,Kolkata,West Bengal,Small Business,2023-12-30
CUST10638,Isha Sharma,Male,36,Kolkata,West Bengal,Consumer,2025-02-25
CUST10639,Meera Verma,Female,46,Lucknow,Uttar Pradesh,Small Business,2025-11-26
CUST10640,Arjun Sharma,Female,42,New Delhi,Delhi,Corporate,2024-06-28
CUST10641,Meera Singh,Female,54,Pune,Maharashtra,Consumer,2024-12-05
CUST10642,Isha Verma,Female,19,Kolkata,West Bengal,Consumer,2024-11-27
CUST10643,Ananya Deshmukh,Male,35,Kolkata,West Bengal,Consumer,2024-06-14
CUST10644,Arjun Singh,Male,19,Nagpur,Maharashtra,Consumer,2023-02-21
CUST10645,Aditya Gupta,Female,55,Bhopal,Madhya Pradesh,Consumer,2025-04-17
CUST10646,Diya Rao,Male,40,Bhopal,Madhya Pradesh,Consumer,2024-08-11
CUST10647,Aarav Rao,Female,18,Mysuru,Karnataka,Corporate,2023-08-06
CUST10648,Ananya Verma,Female,65,Udaipur,Rajasthan,Consumer,2026-01-28
CUST10649,Rohan Rao,Male,29,Kolkata,West Bengal,Consumer,2023-10-06
CUST10650,Isha Verma,Other,38,Chhindwara,Madhya Pradesh,Small Business,2025-01-07
CUST10651,Aarav Patel,Male,51,Chhindwara,Madhya Pradesh,Consumer,2024-04-12
CUST10652,Nisha Patel,Male,43,New Delhi,Delhi,Consumer,2023-02-19
CUST10653,Kabir Verma,Male,45,Kolkata,West Bengal,Consumer,2025-08-27
CUST10654,Riya Singh,Male,52,Udaipur,Rajasthan,Consumer,2025-11-24
CUST10655,Isha Patel,Male,25,Bhopal,Madhya Pradesh,Consumer,2025-10-01
CUST10656,Priya Gupta,Male,27,Mumbai,Maharashtra,Consumer,2023-02-03
CUST10657,Kabir Patel,Male,23,Chhindwara,Madhya Pradesh,Consumer,2026-05-13
CUST10658,Vivaan Singh,Male,47,Coimbatore,Tamil Nadu,Consumer,2026-06-29
CUST10659,Ananya Mehta,Other,64,Kolkata,West Bengal,Corporate,2024-03-30
CUST10660,Isha Sharma,Female,52,Jaipur,Rajasthan,Consumer,2023-08-02
CUST10661,Arjun Gupta,Male,29,New Delhi,Delhi,Small Business,2023-01-18
CUST10662,Kabir Rao,Male,61,Bengaluru,Karnataka,Corporate,2026-03-24
CUST10663,Isha Das,Other,28,Indore,Madhya Pradesh,Corporate,2023-07-07
CUST10664,Riya Patel,Female,53,Coimbatore,Tamil Nadu,Corporate,2023-08-01
CUST10665,Diya Verma,Female,56,Chhindwara,Madhya Pradesh,Corporate,2023-10-12
CUST10666,Isha Das,Female,27,Lucknow,Uttar Pradesh,Consumer,2023-06-19
CUST10667,Isha Patel,Male,65,Surat,Gujarat,Consumer,2024-04-08
CUST10668,Priya Singh,Female,18,Udaipur,Rajasthan,Consumer,2023-02-10
CUST10669,Kabir Rao,Female,59,Lucknow,Uttar Pradesh,Corporate,2023-02-13
CUST10670,Aditya Jain,Male,20,New Delhi,Delhi,Small Business,2024-07-25
CUST10671,Rohan Deshmukh,Male,32,New Delhi,Delhi,Corporate,2025-07-11
CUST10672,Ananya Sharma,Male,41,Surat,Gujarat,Small Business,2023-12-01
CUST10673,Rohan Rao,Female,50,Noida,Uttar Pradesh,Corporate,2024-12-26
CUST10674,Vivaan Deshmukh,Female,28,Surat,Gujarat,Consumer,2023-09-29
CUST10675,Riya Singh,Male,34,Lucknow,Uttar Pradesh,Consumer,2023-06-10
CUST10676,Isha Verma,Female,57,Jaipur,Rajasthan,Consumer,2024-03-06
CUST10677,Ishaan Mehta,Female,28,Surat,Gujarat,Consumer,2025-06-27
CUST10678,Riya Rao,Female,38,Kolkata,West Bengal,Corporate,2023-02-10
CUST10679,Priya Das,Male,45,New Delhi,Delhi,Consumer,2024-10-23
CUST10680,Meera Deshmukh,Male,56,Indore,Madhya Pradesh,Corporate,2025-10-07
CUST10681,Nisha Mehta,Female,30,Ahmedabad,Gujarat,Small Business,2025-08-05
CUST10682,Nisha Sharma,Male,37,New Delhi,Delhi,Consumer,2025-05-19
CUST10683,Priya Patel,Female,23,Lucknow,Uttar Pradesh,Small Business,2025-08-21
CUST10684,Ananya Deshmukh,Female,33,Chennai,Tamil Nadu,Corporate,2025-06-17
CUST10685,Isha Das,Female,47,Noida,Uttar Pradesh,Corporate,2023-05-19
CUST10686,Vivaan Rao,Male,40,New Delhi,Delhi,Consumer,2024-06-02
CUST10687,Arjun Mehta,Female,41,Coimbatore,Tamil Nadu,Corporate,2026-06-05
CUST10688,Aarav Rao,Female,21,Udaipur,Rajasthan,Corporate,2026-03-08
CUST10689,Priya Das,Female,18,Udaipur,Rajasthan,Corporate,2023-11-27
CUST10690,Priya Rao,Female,42,Lucknow,Uttar Pradesh,Corporate,2024-10-12
CUST10691,Aditya Deshmukh,Male,27,Noida,Uttar Pradesh,Small Business,2023-09-15
CUST10692,Aditya Sharma,Female,56,Udaipur,Rajasthan,Corporate,2023-02-05
CUST10693,Vivaan Patel,Other,43,Jaipur,Rajasthan,Consumer,2023-07-23
CUST10694,Aarav Sharma,Male,34,Kolkata,West Bengal,Corporate,2023-03-04
CUST10695,Ananya Verma,Female,60,Mumbai,Maharashtra,Consumer,2025-07-28
CUST10696,Ananya Jain,Other,27,Chhindwara,Madhya Pradesh,Corporate,2025-08-02
CUST10697,Meera Gupta,Female,26,Coimbatore,Tamil Nadu,Consumer,2023-08-06
CUST10698,Diya Mehta,Female,39,Bhopal,Madhya Pradesh,Consumer,2024-07-26
CUST10699,Rohan Das,Female,61,Nagpur,Maharashtra,Consumer,2023-10-16
CUST10700,Diya Singh,Male,27,Bengaluru,Karnataka,Consumer,2024-01-10
CUST10701,Aarav Mehta,Male,26,Kolkata,West Bengal,Consumer,2024-11-10
CUST10702,Arjun Deshmukh,Female,48,Bhopal,Madhya Pradesh,Consumer,2026-04-05
CUST10703,Aarav Singh,Male,44,Nagpur,Maharashtra,Consumer,2026-03-07
CUST10704,Arjun Singh,Male,43,Ahmedabad,Gujarat,Consumer,2025-05-23
CUST10705,Ananya Singh,Female,52,Jaipur,Rajasthan,Consumer,2023-03-05
CUST10706,Riya Rao,Male,29,Chhindwara,Madhya Pradesh,Consumer,2023-08-04
CUST10707,Kabir Singh,Female,25,Bengaluru,Karnataka,Corporate,2024-06-30
CUST10708,Rohan Singh,Male,58,Mysuru,Karnataka,Consumer,2024-07-01
CUST10709,Ananya Jain,Male,60,Bengaluru,Karnataka,Consumer,2024-10-07
CUST10710,Isha Deshmukh,Male,53,Ahmedabad,Gujarat,Consumer,2023-10-21
CUST10711,Ishaan Rao,Female,42,Indore,Madhya Pradesh,Consumer,2026-02-25
CUST10712,Nisha Gupta,Male,46,Pune,Maharashtra,Consumer,2023-09-04
CUST10713,Meera Gupta,Male,38,Noida,Uttar Pradesh,Consumer,2023-11-20
CUST10714,Ananya Gupta,Female,47,Bhopal,Madhya Pradesh,Corporate,2024-01-20
CUST10715,Priya Jain,Female,45,Kolkata,West Bengal,Small Business,2026-01-18
CUST10716,Priya Jain,Female,19,Ahmedabad,Gujarat,Consumer,2023-07-01
CUST10717,Meera Singh,Male,28,Kolkata,West Bengal,Consumer,2024-11-02
CUST10718,Nisha Das,Male,44,Surat,Gujarat,Corporate,2025-06-28
CUST10719,Isha Singh,Female,28,Kolkata,West Bengal,Consumer,2023-10-09
CUST10720,Ishaan Deshmukh,Female,22,Mysuru,Karnataka,Consumer,2024-09-24
CUST10721,Arjun Sharma,Female,41,Noida,Uttar Pradesh,Consumer,2025-09-27
CUST10722,Priya Verma,Female,28,Jaipur,Rajasthan,Consumer,2023-02-03
CUST10723,Meera Gupta,Male,44,Surat,Gujarat,Corporate,2026-03-24
CUST10724,Arjun Singh,Female,49,Lucknow,Uttar Pradesh,Consumer,2023-01-20
CUST10725,Isha Singh,Female,30,Coimbatore,Tamil Nadu,Consumer,2025-12-03
CUST10726,Aarav Jain,Male,23,Mysuru,Karnataka,Consumer,2026-03-22
CUST10727,Meera Jain,Female,49,Bhopal,Madhya Pradesh,Consumer,2025-03-08
CUST10728,Meera Mehta,Male,36,Mysuru,Karnataka,Consumer,2023-07-28
CUST10729,Ishaan Das,Female,54,Kolkata,West Bengal,Consumer,2026-05-10
CUST10730,Kabir Jain,Male,30,Nagpur,Maharashtra,Corporate,2023-08-08
CUST10731,Isha Gupta,Male,62,Chennai,Tamil Nadu,Consumer,2026-04-13
CUST10732,Ishaan Mehta,Male,33,Jaipur,Rajasthan,Consumer,2025-09-08
CUST10733,Meera Singh,Female,49,New Delhi,Delhi,Consumer,2023-07-10
CUST10734,Aditya Singh,Female,44,Coimbatore,Tamil Nadu,Consumer,2025-08-07
CUST10735,Aditya Singh,Female,34,Indore,Madhya Pradesh,Corporate,2024-05-31
CUST10736,Nisha Verma,Male,34,Ahmedabad,Gujarat,Small Business,2023-04-27
CUST10737,Diya Mehta,Female,54,Kolkata,West Bengal,Consumer,2023-10-29
CUST10738,Rohan Rao,Male,61,Coimbatore,Tamil Nadu,Consumer,2025-04-12
CUST10739,Kabir Sharma,Male,33,Coimbatore,Tamil Nadu,Consumer,2025-01-30
CUST10740,Aarav Jain,Male,24,Chennai,Tamil Nadu,Consumer,2025-04-06
CUST10741,Priya Jain,Female,64,New Delhi,Delhi,Corporate,2025-03-18
CUST10742,Kabir Gupta,Male,37,Noida,Uttar Pradesh,Consumer,2025-08-22
CUST10743,Ishaan Rao,Male,23,Ahmedabad,Gujarat,Consumer,2023-03-23
CUST10744,Aditya Gupta,Male,59,Lucknow,Uttar Pradesh,Consumer,2024-01-23
CUST10745,Vivaan Deshmukh,Female,63,Nagpur,Maharashtra,Corporate,2023-10-21
CUST10746,Riya Das,Female,34,New Delhi,Delhi,Small Business,2023-01-14
CUST10747,Ishaan Verma,Female,54,New Delhi,Delhi,Small Business,2023-08-08
CUST10748,Arjun Das,Female,45,Bhopal,Madhya Pradesh,Small Business,2023-10-19
CUST10749,Diya Rao,Female,21,New Delhi,Delhi,Consumer,2024-11-07
CUST10750,Aarav Verma,Male,44,New Delhi,Delhi,Consumer,2023-06-22
CUST10751,Kabir Verma,Female,56,Kolkata,West Bengal,Consumer,2025-10-04
CUST10752,Aditya Singh,Female,30,Bengaluru,Karnataka,Corporate,2023-02-27
CUST10753,Riya Deshmukh,Female,38,Noida,Uttar Pradesh,Small Business,2026-05-02
CUST10754,Ananya Jain,Female,26,Chhindwara,Madhya Pradesh,Small Business,2023-11-14
CUST10755,Kabir Patel,Female,21,Chennai,Tamil Nadu,Consumer,2024-07-02
CUST10756,Isha Patel,Male,23,Bhopal,Madhya Pradesh,Small Business,2026-01-29
CUST10757,Vivaan Das,Female,55,Mumbai,Maharashtra,Small Business,2025-07-24
CUST10758,Diya Das,Male,56,Pune,Maharashtra,Corporate,2025-03-30
CUST10759,Rohan Das,Male,19,Mysuru,Karnataka,Small Business,2024-11-15
CUST10760,Priya Verma,Female,43,Coimbatore,Tamil Nadu,Small Business,2026-06-09
CUST10761,Nisha Gupta,Male,36,Indore,Madhya Pradesh,Consumer,2024-01-04
CUST10762,Diya Verma,Female,33,New Delhi,Delhi,Small Business,2026-03-01
CUST10763,Rohan Patel,Female,54,Bengaluru,Karnataka,Consumer,2025-08-31
CUST10764,Ananya Patel,Male,64,Pune,Maharashtra,Consumer,2023-03-22
CUST10765,Isha Rao,Female,33,Ahmedabad,Gujarat,Corporate,2024-09-10
CUST10766,Riya Mehta,Male,53,Noida,Uttar Pradesh,Consumer,2026-05-25
CUST10767,Kabir Rao,Other,52,Kolkata,West Bengal,Consumer,2026-04-27
CUST10768,Rohan Das,Female,20,Kolkata,West Bengal,Consumer,2023-03-13
CUST10769,Nisha Rao,Male,18,Lucknow,Uttar Pradesh,Consumer,2026-06-27
CUST10770,Priya Patel,Male,64,New Delhi,Delhi,Consumer,2025-11-21
CUST10771,Isha Patel,Female,64,Mumbai,Maharashtra,Consumer,2025-04-12
CUST10772,Isha Jain,Male,50,Noida,Uttar Pradesh,Consumer,2026-06-05
CUST10773,Isha Deshmukh,Female,53,Indore,Madhya Pradesh,Consumer,2024-04-01
CUST10774,Rohan Das,Female,32,Indore,Madhya Pradesh,Consumer,2023-04-29
CUST10775,Nisha Singh,Male,37,Pune,Maharashtra,Corporate,2026-02-25
CUST10776,Vivaan Jain,Male,21,Indore,Madhya Pradesh,Corporate,2025-10-25
CUST10777,Meera Sharma,Female,19,Kolkata,West Bengal,Corporate,2025-01-31
CUST10778,Kabir Singh,Female,47,Kolkata,West Bengal,Small Business,2023-07-02
CUST10779,Arjun Mehta,Male,62,Lucknow,Uttar Pradesh,Corporate,2026-06-14
CUST10780,Aditya Sharma,Female,57,Lucknow,Uttar Pradesh,Small Business,2024-06-19
CUST10781,Ananya Singh,Female,44,New Delhi,Delhi,Consumer,2025-06-24
CUST10782,Riya Jain,Male,31,Ahmedabad,Gujarat,Consumer,2024-09-23
CUST10783,Nisha Verma,Male,36,Coimbatore,Tamil Nadu,Corporate,2023-05-18
CUST10784,Kabir Verma,Male,47,Ahmedabad,Gujarat,Corporate,2026-06-05
CUST10785,Diya Das,Female,31,Udaipur,Rajasthan,Consumer,2025-03-30
CUST10786,Vivaan Mehta,Male,28,New Delhi,Delhi,Consumer,2023-10-10
CUST10787,Meera Mehta,Female,61,Ahmedabad,Gujarat,Consumer,2023-08-15
CUST10788,Vivaan Gupta,Female,64,Kolkata,West Bengal,Consumer,2026-04-25
CUST10789,Aarav Jain,Female,25,Mumbai,Maharashtra,Consumer,2025-03-11
CUST10790,Nisha Jain,Female,19,Surat,Gujarat,Consumer,2023-08-11
CUST10791,Kabir Patel,Female,45,Ahmedabad,Gujarat,Consumer,2024-08-10
CUST10792,Ishaan Patel,Male,43,Mysuru,Karnataka,Small Business,2023-04-12
CUST10793,Aditya Sharma,Female,59,New Delhi,Delhi,Consumer,2023-02-21
CUST10794,Aarav Gupta,Female,62,Surat,Gujarat,Consumer,2023-01-21
CUST10795,Aditya Jain,Female,43,Surat,Gujarat,Small Business,2024-01-22
CUST10796,Vivaan Gupta,Male,37,New Delhi,Delhi,Consumer,2023-12-18
CUST10797,Nisha Patel,Male,51,Mysuru,Karnataka,Corporate,2024-09-21
CUST10798,Diya Gupta,Male,36,Noida,Uttar Pradesh,Small Business,2025-09-17
CUST10799,Isha Sharma,Male,32,Ahmedabad,Gujarat,Consumer,2026-04-27
CUST10800,Nisha Singh,Female,27,Lucknow,Uttar Pradesh,Corporate,2025-01-14
CUST10801,Aarav Jain,Male,51,New Delhi,Delhi,Corporate,2024-06-04
CUST10802,Nisha Deshmukh,Male,38,Surat,Gujarat,Consumer,2025-06-29
CUST10803,Diya Jain,Female,31,New Delhi,Delhi,Consumer,2026-05-07
CUST10804,Riya Mehta,Female,47,Mumbai,Maharashtra,Consumer,2026-05-16
CUST10805,Kabir Patel,Female,46,Bengaluru,Karnataka,Corporate,2026-06-06
CUST10806,Aditya Mehta,Male,64,New Delhi,Delhi,Consumer,2025-11-06
CUST10807,Isha Rao,Male,36,Ahmedabad,Gujarat,Small Business,2024-09-19
CUST10808,Kabir Verma,Male,23,Lucknow,Uttar Pradesh,Corporate,2023-07-30
CUST10809,Riya Sharma,Female,27,Chennai,Tamil Nadu,Consumer,2024-03-02
CUST10810,Riya Jain,Male,61,Ahmedabad,Gujarat,Small Business,2026-01-16
CUST10811,Arjun Verma,Female,63,Kolkata,West Bengal,Consumer,2024-09-10
CUST10812,Priya Sharma,Male,58,Coimbatore,Tamil Nadu,Consumer,2025-06-17
CUST10813,Diya Das,Female,39,Mysuru,Karnataka,Consumer,2026-05-01
CUST10814,Kabir Verma,Male,56,New Delhi,Delhi,Small Business,2026-06-13
CUST10815,Rohan Sharma,Male,47,Mumbai,Maharashtra,Small Business,2026-05-27
CUST10816,Priya Jain,Male,51,Udaipur,Rajasthan,Consumer,2023-07-08
CUST10817,Rohan Jain,Female,19,Jaipur,Rajasthan,Corporate,2026-06-15
CUST10818,Vivaan Singh,Male,18,Mumbai,Maharashtra,Consumer,2024-07-10
CUST10819,Vivaan Gupta,Female,28,Jaipur,Rajasthan,Consumer,2024-09-30
CUST10820,Arjun Deshmukh,Female,28,New Delhi,Delhi,Corporate,2024-11-01
CUST10821,Kabir Rao,Male,24,Kolkata,West Bengal,Consumer,2026-01-22
CUST10822,Vivaan Singh,Female,27,Pune,Maharashtra,Consumer,2026-01-27
CUST10823,Arjun Mehta,Male,49,Indore,Madhya Pradesh,Consumer,2025-12-17
CUST10824,Aarav Patel,Male,65,Lucknow,Uttar Pradesh,Consumer,2024-02-10
CUST10825,Aditya Verma,Male,33,Coimbatore,Tamil Nadu,Consumer,2023-04-26
CUST10826,Kabir Mehta,Male,22,Indore,Madhya Pradesh,Consumer,2023-05-30
CUST10827,Ananya Singh,Male,52,Surat,Gujarat,Small Business,2024-02-18
CUST10828,Arjun Deshmukh,Male,30,Noida,Uttar Pradesh,Consumer,2023-06-23
CUST10829,Riya Singh,Female,22,New Delhi,Delhi,Consumer,2024-06-23
CUST10830,Meera Gupta,Female,50,New Delhi,Delhi,Consumer,2026-06-14
CUST10831,Vivaan Patel,Male,55,Chennai,Tamil Nadu,Consumer,2023-08-04
CUST10832,Aditya Mehta,Female,53,Chhindwara,Madhya Pradesh,Consumer,2025-04-21
CUST10833,Aarav Verma,Female,23,Udaipur,Rajasthan,Consumer,2025-11-23
CUST10834,Aarav Verma,Male,18,Surat,Gujarat,Consumer,2023-12-31
CUST10835,Nisha Singh,Male,29,Noida,Uttar Pradesh,Small Business,2024-04-15
CUST10836,Ananya Jain,Male,55,Noida,Uttar Pradesh,Consumer,2025-04-15
CUST10837,Aarav Jain,Male,40,Chennai,Tamil Nadu,Consumer,2023-04-17
CUST10838,Riya Sharma,Male,31,Chennai,Tamil Nadu,Consumer,2026-01-26
CUST10839,Meera Verma,Male,39,Jaipur,Rajasthan,Corporate,2024-04-24
CUST10840,Vivaan Verma,Male,32,Lucknow,Uttar Pradesh,Corporate,2025-10-21
CUST10841,Aarav Verma,Female,55,Noida,Uttar Pradesh,Consumer,2023-01-03
CUST10842,Priya Rao,Female,20,Chennai,Tamil Nadu,Consumer,2026-04-17
CUST10843,Arjun Sharma,Female,38,Surat,Gujarat,Consumer,2025-12-15
CUST10844,Aarav Sharma,Male,42,Chennai,Tamil Nadu,Consumer,2024-12-06
CUST10845,Ananya Singh,Male,61,Lucknow,Uttar Pradesh,Consumer,2024-11-06
CUST10846,Ishaan Jain,Female,21,Chennai,Tamil Nadu,Consumer,2023-09-16
CUST10847,Kabir Jain,Female,34,Kolkata,West Bengal,Consumer,2026-05-03
CUST10848,Nisha Jain,Female,20,Nagpur,Maharashtra,Consumer,2024-06-12
CUST10849,Isha Jain,Female,26,Surat,Gujarat,Consumer,2025-03-09
CUST10850,Riya Jain,Male,56,Chennai,Tamil Nadu,Corporate,2023-11-21
CUST10851,Ishaan Singh,Female,36,Chennai,Tamil Nadu,Corporate,2024-09-12
CUST10852,Vivaan Verma,Female,21,Nagpur,Maharashtra,Consumer,2026-03-05
CUST10853,Kabir Verma,Male,28,Bhopal,Madhya Pradesh,Consumer,2025-09-17
CUST10854,Isha Mehta,Male,42,Noida,Uttar Pradesh,Consumer,2025-04-09
CUST10855,Diya Singh,Male,48,Lucknow,Uttar Pradesh,Small Business,2025-02-13
CUST10856,Aarav Jain,Female,63,Surat,Gujarat,Corporate,2024-02-08
CUST10857,Aarav Mehta,Male,56,Noida,Uttar Pradesh,Small Business,2023-10-23
CUST10858,Ishaan Jain,Male,56,Bengaluru,Karnataka,Consumer,2026-05-21
CUST10859,Diya Verma,Male,53,Surat,Gujarat,Corporate,2025-06-21
CUST10860,Aarav Mehta,Male,59,Kolkata,West Bengal,Consumer,2025-03-10
CUST10861,Riya Verma,Male,54,Jaipur,Rajasthan,Consumer,2026-02-26
CUST10862,Aarav Jain,Female,24,Surat,Gujarat,Consumer,2026-01-07
CUST10863,Arjun Singh,Male,43,Mumbai,Maharashtra,Consumer,2023-11-15
CUST10864,Nisha Sharma,Female,45,Udaipur,Rajasthan,Consumer,2024-03-25
CUST10865,Kabir Deshmukh,Male,28,Kolkata,West Bengal,Consumer,2023-08-22
CUST10866,Arjun Sharma,Male,31,Bengaluru,Karnataka,Corporate,2023-09-02
CUST10867,Ishaan Jain,Female,55,New Delhi,Delhi,Consumer,2025-04-05
CUST10868,Diya Deshmukh,Male,28,New Delhi,Delhi,Corporate,2026-04-05
CUST10869,Rohan Singh,Female,60,Bengaluru,Karnataka,Small Business,2024-10-28
CUST10870,Vivaan Gupta,Male,53,Chhindwara,Madhya Pradesh,Consumer,2023-08-02
CUST10871,Arjun Gupta,Male,45,Kolkata,West Bengal,Corporate,2024-11-27
CUST10872,Kabir Patel,Female,63,Kolkata,West Bengal,Consumer,2024-09-21
CUST10873,Rohan Gupta,Female,56,Udaipur,Rajasthan,Consumer,2026-04-06
CUST10874,Aditya Verma,Male,52,Surat,Gujarat,Consumer,2026-06-08
CUST10875,Meera Patel,Male,51,Jaipur,Rajasthan,Corporate,2024-12-10
CUST10876,Ananya Gupta,Male,20,Bengaluru,Karnataka,Consumer,2026-06-10
CUST10877,Ishaan Jain,Female,32,Surat,Gujarat,Consumer,2024-01-18
CUST10878,Aarav Gupta,Female,37,Udaipur,Rajasthan,Consumer,2023-02-20
CUST10879,Rohan Mehta,Male,64,Kolkata,West Bengal,Consumer,2024-06-03
CUST10880,Kabir Sharma,Female,63,Ahmedabad,Gujarat,Consumer,2024-12-29
CUST10881,Meera Verma,Male,20,Mumbai,Maharashtra,Consumer,2025-10-25
CUST10882,Meera Rao,Male,34,Noida,Uttar Pradesh,Corporate,2025-05-04
CUST10883,Kabir Mehta,Male,61,Bhopal,Madhya Pradesh,Consumer,2024-10-10
CUST10884,Nisha Rao,Female,37,Coimbatore,Tamil Nadu,Corporate,2023-09-05
CUST10885,Aarav Verma,Female,28,Kolkata,West Bengal,Consumer,2026-06-04
CUST10886,Ishaan Singh,Male,21,Surat,Gujarat,Consumer,2024-06-21
CUST10887,Isha Jain,Male,55,Bhopal,Madhya Pradesh,Consumer,2026-05-31
CUST10888,Arjun Gupta,Male,47,Kolkata,West Bengal,Consumer,2026-05-02
CUST10889,Ananya Gupta,Female,38,Nagpur,Maharashtra,Small Business,2023-07-03
CUST10890,Riya Deshmukh,Other,61,Pune,Maharashtra,Consumer,2026-05-28
CUST10891,Rohan Gupta,Female,42,Nagpur,Maharashtra,Consumer,2024-09-03
CUST10892,Meera Verma,Female,46,Mumbai,Maharashtra,Small Business,2025-08-29
CUST10893,Rohan Sharma,Female,19,Udaipur,Rajasthan,Small Business,2023-08-29
CUST10894,Arjun Patel,Male,47,Chhindwara,Madhya Pradesh,Corporate,2025-07-01
CUST10895,Rohan Gupta,Male,40,Mysuru,Karnataka,Consumer,2025-04-19
CUST10896,Riya Gupta,Female,65,Udaipur,Rajasthan,Small Business,2025-02-11
CUST10897,Nisha Verma,Female,31,Indore,Madhya Pradesh,Corporate,2023-07-10
CUST10898,Meera Mehta,Male,30,Kolkata,West Bengal,Corporate,2026-01-18
CUST10899,Riya Jain,Male,54,Indore,Madhya Pradesh,Small Business,2025-04-02
CUST10900,Diya Rao,Female,19,Indore,Madhya Pradesh,Small Business,2024-03-31
CUST10901,Nisha Das,Female,31,Coimbatore,Tamil Nadu,Small Business,2025-04-01
CUST10902,Nisha Singh,Male,30,Bhopal,Madhya Pradesh,Consumer,2025-11-06
CUST10903,Nisha Singh,Male,26,Surat,Gujarat,Consumer,2024-10-19
CUST10904,Rohan Deshmukh,Male,44,Indore,Madhya Pradesh,Consumer,2026-01-09
CUST10905,Kabir Singh,Female,58,Mysuru,Karnataka,Consumer,2024-11-06
CUST10906,Isha Rao,Male,55,Ahmedabad,Gujarat,Small Business,2026-05-12
CUST10907,Kabir Das,Male,37,Jaipur,Rajasthan,Consumer,2026-04-27
CUST10908,Diya Mehta,Male,51,Jaipur,Rajasthan,Small Business,2025-01-17
CUST10909,Priya Mehta,Male,41,Jaipur,Rajasthan,Small Business,2023-11-17
CUST10910,Aarav Patel,Female,45,Coimbatore,Tamil Nadu,Consumer,2025-05-21
CUST10911,Ishaan Sharma,Female,37,Surat,Gujarat,Consumer,2024-12-04
CUST10912,Kabir Sharma,Female,53,Indore,Madhya Pradesh,Corporate,2025-02-11
CUST10913,Ananya Verma,Female,48,Surat,Gujarat,Consumer,2023-03-10
CUST10914,Ishaan Verma,Male,65,New Delhi,Delhi,Consumer,2024-12-02
CUST10915,Ananya Deshmukh,Male,43,Bhopal,Madhya Pradesh,Consumer,2026-05-30
CUST10916,Aditya Patel,Female,63,Pune,Maharashtra,Consumer,2026-01-08
CUST10917,Riya Verma,Female,51,Bengaluru,Karnataka,Small Business,2024-02-27
CUST10918,Priya Singh,Male,26,Kolkata,West Bengal,Consumer,2023-04-20
CUST10919,Vivaan Rao,Male,43,Chhindwara,Madhya Pradesh,Consumer,2024-04-08
CUST10920,Ishaan Gupta,Male,47,Udaipur,Rajasthan,Consumer,2025-07-07
CUST10921,Ishaan Singh,Male,44,Bhopal,Madhya Pradesh,Corporate,2025-02-28
CUST10922,Arjun Singh,Male,56,Bengaluru,Karnataka,Consumer,2024-11-15
CUST10923,Kabir Sharma,Male,56,Ahmedabad,Gujarat,Small Business,2024-10-03
CUST10924,Aditya Jain,Female,24,Lucknow,Uttar Pradesh,Corporate,2023-09-09
CUST10925,Riya Singh,Male,55,Bengaluru,Karnataka,Consumer,2025-09-01
CUST10926,Isha Gupta,Female,57,Lucknow,Uttar Pradesh,Consumer,2026-04-13
CUST10927,Vivaan Sharma,Male,34,Indore,Madhya Pradesh,Consumer,2024-04-19
CUST10928,Vivaan Verma,Male,18,Chennai,Tamil Nadu,Consumer,2026-04-23
CUST10929,Riya Patel,Female,43,Lucknow,Uttar Pradesh,Consumer,2023-03-16
CUST10930,Arjun Singh,Female,65,Bhopal,Madhya Pradesh,Corporate,2025-07-20
CUST10931,Nisha Gupta,Male,58,New Delhi,Delhi,Consumer,2024-07-05
CUST10932,Arjun Mehta,Male,49,Lucknow,Uttar Pradesh,Consumer,2025-01-29
CUST10933,Isha Das,Female,27,Indore,Madhya Pradesh,Consumer,2025-07-29
CUST10934,Aditya Singh,Male,41,New Delhi,Delhi,Consumer,2025-05-19
CUST10935,Riya Mehta,Male,29,New Delhi,Delhi,Consumer,2025-11-30
CUST10936,Riya Patel,Male,54,Kolkata,West Bengal,Small Business,2026-05-11
CUST10937,Priya Das,Male,45,Udaipur,Rajasthan,Consumer,2026-03-31
CUST10938,Diya Rao,Female,42,Mysuru,Karnataka,Consumer,2025-11-01
CUST10939,Priya Verma,Male,39,Kolkata,West Bengal,Small Business,2024-11-15
CUST10940,Arjun Sharma,Female,43,Surat,Gujarat,Consumer,2023-09-04
CUST10941,Meera Singh,Male,27,Mysuru,Karnataka,Corporate,2024-05-14
CUST10942,Ishaan Singh,Female,33,Bengaluru,Karnataka,Consumer,2024-05-15
CUST10943,Kabir Singh,Female,38,Coimbatore,Tamil Nadu,Consumer,2023-08-09
CUST10944,Vivaan Rao,Female,19,Ahmedabad,Gujarat,Corporate,2025-05-27
CUST10945,Rohan Sharma,Female,23,Nagpur,Maharashtra,Consumer,2023-03-12
CUST10946,Diya Gupta,Female,20,New Delhi,Delhi,Consumer,2025-09-12
CUST10947,Aarav Verma,Male,62,Mysuru,Karnataka,Consumer,2024-01-21
CUST10948,Priya Singh,Female,41,Surat,Gujarat,Consumer,2025-06-24
CUST10949,Diya Gupta,Female,43,Jaipur,Rajasthan,Consumer,2025-03-21
CUST10950,Aarav Rao,Female,51,Jaipur,Rajasthan,Consumer,2024-05-13
CUST10951,Riya Mehta,Male,57,Bhopal,Madhya Pradesh,Consumer,2026-01-04
CUST10952,Vivaan Gupta,Male,32,Indore,Madhya Pradesh,Consumer,2023-06-27
CUST10953,Aarav Gupta,Female,26,Coimbatore,Tamil Nadu,Corporate,2025-06-09
CUST10954,Meera Deshmukh,Female,27,Udaipur,Rajasthan,Corporate,2024-06-19
CUST10955,Priya Rao,Female,22,Coimbatore,Tamil Nadu,Corporate,2024-03-05
CUST10956,Kabir Patel,Female,29,Chennai,Tamil Nadu,Corporate,2024-03-31
CUST10957,Kabir Singh,Male,23,Chennai,Tamil Nadu,Consumer,2026-01-12
CUST10958,Ishaan Patel,Female,38,Kolkata,West Bengal,Small Business,2024-12-24
CUST10959,Isha Das,Male,32,Mysuru,Karnataka,Corporate,2025-12-06
CUST10960,Kabir Patel,Male,30,Kolkata,West Bengal,Consumer,2024-08-03
CUST10961,Priya Gupta,Female,40,New Delhi,Delhi,Consumer,2025-05-24
CUST10962,Riya Deshmukh,Female,50,Lucknow,Uttar Pradesh,Consumer,2025-11-29
CUST10963,Kabir Sharma,Female,46,Kolkata,West Bengal,Consumer,2025-12-19
CUST10964,Ishaan Patel,Female,33,Jaipur,Rajasthan,Consumer,2025-10-22
CUST10965,Diya Rao,Female,24,Indore,Madhya Pradesh,Corporate,2023-02-08
CUST10966,Ananya Singh,Female,22,Chennai,Tamil Nadu,Consumer,2024-06-29
CUST10967,Kabir Verma,Female,44,Chhindwara,Madhya Pradesh,Small Business,2023-10-21
CUST10968,Meera Mehta,Male,31,Bengaluru,Karnataka,Small Business,2025-07-12
CUST10969,Vivaan Jain,Female,30,Ahmedabad,Gujarat,Consumer,2023-06-16
CUST10970,Ishaan Mehta,Female,27,Indore,Madhya Pradesh,Consumer,2026-05-17
CUST10971,Vivaan Gupta,Male,54,Chennai,Tamil Nadu,Consumer,2025-10-26
CUST10972,Aditya Das,Male,56,Jaipur,Rajasthan,Small Business,2024-09-30
CUST10973,Ishaan Das,Female,21,Ahmedabad,Gujarat,Consumer,2026-04-28
CUST10974,Aarav Gupta,Female,55,New Delhi,Delhi,Consumer,2025-10-20
CUST10975,Nisha Deshmukh,Male,54,Chennai,Tamil Nadu,Corporate,2025-05-22
CUST10976,Diya Jain,Female,49,New Delhi,Delhi,Consumer,2025-11-19
CUST10977,Meera Verma,Other,64,Nagpur,Maharashtra,Consumer,2024-04-28
CUST10978,Nisha Singh,Male,59,Jaipur,Rajasthan,Consumer,2024-01-03
CUST10979,Nisha Mehta,Male,64,Noida,Uttar Pradesh,Corporate,2023-10-26
CUST10980,Nisha Gupta,Female,57,Bhopal,Madhya Pradesh,Consumer,2023-12-04
CUST10981,Aarav Singh,Male,51,Ahmedabad,Gujarat,Consumer,2025-03-16
CUST10982,Rohan Rao,Female,48,Pune,Maharashtra,Consumer,2024-03-06
CUST10983,Diya Mehta,Female,23,Lucknow,Uttar Pradesh,Consumer,2025-07-25
CUST10984,Isha Das,Female,36,New Delhi,Delhi,Consumer,2023-02-08
CUST10985,Diya Sharma,Female,25,Coimbatore,Tamil Nadu,Small Business,2025-02-26
CUST10986,Aditya Jain,Male,20,Nagpur,Maharashtra,Consumer,2023-03-22
CUST10987,Ananya Mehta,Male,47,Kolkata,West Bengal,Consumer,2026-06-06
CUST10988,Isha Rao,Male,63,Bengaluru,Karnataka,Consumer,2026-06-08
CUST10989,Ishaan Verma,Male,43,Pune,Maharashtra,Small Business,2024-12-10
CUST10990,Vivaan Deshmukh,Male,33,Indore,Madhya Pradesh,Consumer,2025-04-21
CUST10991,Vivaan Jain,Female,64,Chhindwara,Madhya Pradesh,Consumer,2024-09-04
CUST10992,Isha Rao,Male,57,Noida,Uttar Pradesh,Consumer,2023-07-28
CUST10993,Meera Sharma,Male,21,Chennai,Tamil Nadu,Corporate,2024-08-30
CUST10994,Riya Verma,Male,18,Mysuru,Karnataka,Consumer,2025-02-10
CUST10995,Vivaan Sharma,Male,38,Kolkata,West Bengal,Consumer,2023-11-05
CUST10996,Meera Patel,Male,38,Coimbatore,Tamil Nadu,Small Business,2025-07-23
CUST10997,Vivaan Patel,Male,56,Udaipur,Rajasthan,Consumer,2023-12-25
CUST10998,Kabir Jain,Female,60,Kolkata,West Bengal,Consumer,2026-02-14
CUST10999,Riya Singh,Female,19,Coimbatore,Tamil Nadu,Consumer,2026-06-18
CUST11000,Ananya Sharma,Female,23,Ahmedabad,Gujarat,Consumer,2024-01-25
CUST11001,Priya Gupta,Female,65,Bhopal,Madhya Pradesh,Corporate,2025-09-08
CUST11002,Aditya Das,Male,41,Chennai,Tamil Nadu,Corporate,2025-04-20
CUST11003,Ishaan Rao,Female,21,Ahmedabad,Gujarat,Consumer,2025-10-24
CUST11004,Aarav Jain,Female,38,Chennai,Tamil Nadu,Corporate,2023-12-29
CUST11005,Riya Rao,Male,64,Lucknow,Uttar Pradesh,Corporate,2024-05-19
CUST11006,Diya Mehta,Female,62,Ahmedabad,Gujarat,Consumer,2024-02-21
CUST11007,Diya Deshmukh,Male,64,Chennai,Tamil Nadu,Consumer,2024-08-07
CUST11008,Meera Gupta,Female,19,Pune,Maharashtra,Corporate,2025-05-26
CUST11009,Aarav Gupta,Female,60,Kolkata,West Bengal,Consumer,2023-08-31
CUST11010,Meera Deshmukh,Female,25,Mysuru,Karnataka,Consumer,2025-05-20
CUST11011,Arjun Jain,Female,30,New Delhi,Delhi,Corporate,2025-09-01
CUST11012,Aditya Jain,Male,37,Mysuru,Karnataka,Consumer,2024-02-14
CUST11013,Diya Verma,Male,37,Surat,Gujarat,Consumer,2025-12-12
CUST11014,Arjun Mehta,Female,39,Noida,Uttar Pradesh,Consumer,2025-04-27
CUST11015,Diya Jain,Male,60,Bengaluru,Karnataka,Consumer,2025-10-10
CUST11016,Nisha Das,Female,53,Ahmedabad,Gujarat,Consumer,2023-03-12
CUST11017,Meera Jain,Female,38,Bengaluru,Karnataka,Consumer,2024-06-22
CUST11018,Isha Verma,Male,43,Pune,Maharashtra,Small Business,2024-05-20
CUST11019,Arjun Das,Other,55,Surat,Gujarat,Corporate,2024-05-31
CUST11020,Aarav Verma,Female,34,Bhopal,Madhya Pradesh,Consumer,2024-01-03
CUST11021,Ananya Deshmukh,Male,42,Mysuru,Karnataka,Corporate,2026-02-19
CUST11022,Riya Mehta,Male,41,Udaipur,Rajasthan,Consumer,2025-10-24
CUST11023,Nisha Jain,Male,29,Jaipur,Rajasthan,Consumer,2024-10-10
CUST11024,Rohan Singh,Female,33,Udaipur,Rajasthan,Corporate,2026-03-24
CUST11025,Vivaan Rao,Male,64,Coimbatore,Tamil Nadu,Corporate,2025-04-05
CUST11026,Kabir Sharma,Male,22,Coimbatore,Tamil Nadu,Consumer,2024-03-12
CUST11027,Nisha Jain,Male,25,Bengaluru,Karnataka,Consumer,2026-06-16
CUST11028,Meera Mehta,Female,20,Lucknow,Uttar Pradesh,Small Business,2024-05-19
CUST11029,Aarav Singh,Male,37,New Delhi,Delhi,Corporate,2024-05-29
CUST11030,Riya Singh,Male,22,Jaipur,Rajasthan,Consumer,2024-06-20
CUST11031,Ananya Verma,Male,53,Pune,Maharashtra,Consumer,2026-05-21
CUST11032,Arjun Mehta,Male,56,New Delhi,Delhi,Consumer,2026-02-01
CUST11033,Aarav Das,Male,40,Noida,Uttar Pradesh,Consumer,2024-06-14
CUST11034,Ananya Rao,Female,46,Noida,Uttar Pradesh,Corporate,2025-10-22
CUST11035,Priya Deshmukh,Female,65,Surat,Gujarat,Consumer,2023-01-26
CUST11036,Kabir Patel,Male,47,New Delhi,Delhi,Consumer,2025-08-23
CUST11037,Diya Mehta,Male,41,Nagpur,Maharashtra,Consumer,2026-03-07
CUST11038,Nisha Das,Male,56,Udaipur,Rajasthan,Consumer,2023-05-08
CUST11039,Isha Deshmukh,Female,57,New Delhi,Delhi,Corporate,2026-03-20
CUST11040,Arjun Mehta,Female,54,New Delhi,Delhi,Small Business,2023-02-09
CUST11041,Kabir Verma,Female,36,Kolkata,West Bengal,Consumer,2023-10-13
CUST11042,Ishaan Deshmukh,Male,33,Lucknow,Uttar Pradesh,Corporate,2024-06-09
CUST11043,Vivaan Singh,Male,62,New Delhi,Delhi,Consumer,2023-12-22
CUST11044,Meera Mehta,Female,51,New Delhi,Delhi,Consumer,2025-10-17
CUST11045,Vivaan Deshmukh,Male,27,Chhindwara,Madhya Pradesh,Consumer,2025-12-18
CUST11046,Aditya Sharma,Female,61,Nagpur,Maharashtra,Consumer,2024-08-11
CUST11047,Kabir Sharma,Female,27,New Delhi,Delhi,Consumer,2023-08-28
CUST11048,Aarav Singh,Male,21,Indore,Madhya Pradesh,Small Business,2024-01-26
CUST11049,Vivaan Das,Male,55,Bhopal,Madhya Pradesh,Consumer,2026-03-31
CUST11050,Riya Sharma,Female,18,Bengaluru,Karnataka,Consumer,2025-12-30
CUST11051,Rohan Deshmukh,Female,32,Jaipur,Rajasthan,Consumer,2023-11-19
CUST11052,Arjun Deshmukh,Female,42,Nagpur,Maharashtra,Consumer,2023-10-20
CUST11053,Meera Jain,Female,65,Lucknow,Uttar Pradesh,Consumer,2024-01-23
CUST11054,Priya Das,Male,65,Coimbatore,Tamil Nadu,Small Business,2023-01-11
CUST11055,Rohan Rao,Male,59,Jaipur,Rajasthan,Small Business,2023-04-20
CUST11056,Meera Jain,Male,65,Mumbai,Maharashtra,Small Business,2025-07-28
CUST11057,Aarav Mehta,Male,37,New Delhi,Delhi,Consumer,2023-12-03
CUST11058,Priya Sharma,Female,52,Lucknow,Uttar Pradesh,Consumer,2025-06-30
CUST11059,Vivaan Verma,Female,32,Noida,Uttar Pradesh,Corporate,2025-07-21
CUST11060,Meera Sharma,Female,53,New Delhi,Delhi,Consumer,2024-03-30
CUST11061,Aditya Sharma,Male,56,Udaipur,Rajasthan,Small Business,2024-04-28
CUST11062,Priya Mehta,Male,19,Kolkata,West Bengal,Corporate,2024-03-26
CUST11063,Meera Gupta,Female,44,Bhopal,Madhya Pradesh,Consumer,2023-04-15
CUST11064,Diya Rao,Female,30,Mumbai,Maharashtra,Consumer,2023-12-25
CUST11065,Kabir Das,Female,60,Ahmedabad,Gujarat,Consumer,2023-11-13
CUST11066,Diya Gupta,Female,49,Mumbai,Maharashtra,Consumer,2023-12-04
CUST11067,Ananya Das,Female,65,Mysuru,Karnataka,Consumer,2024-05-18
CUST11068,Diya Deshmukh,Male,44,Jaipur,Rajasthan,Consumer,2025-04-10
CUST11069,Riya Mehta,Female,55,New Delhi,Delhi,Small Business,2026-02-06
CUST11070,Ishaan Rao,Male,58,Jaipur,Rajasthan,Corporate,2024-02-14
CUST11071,Riya Das,Male,44,New Delhi,Delhi,Corporate,2026-05-17
CUST11072,Aarav Patel,Female,31,Bengaluru,Karnataka,Consumer,2023-11-19
CUST11073,Arjun Jain,Other,19,New Delhi,Delhi,Consumer,2025-05-05
CUST11074,Meera Patel,Female,44,Noida,Uttar Pradesh,Consumer,2024-07-23
CUST11075,Ishaan Gupta,Female,29,Kolkata,West Bengal,Consumer,2023-06-30
CUST11076,Riya Deshmukh,Female,50,Mysuru,Karnataka,Consumer,2025-07-13
CUST11077,Riya Verma,Female,21,Mysuru,Karnataka,Consumer,2024-03-15
CUST11078,Ananya Singh,Female,18,Pune,Maharashtra,Consumer,2025-11-04
CUST11079,Riya Gupta,Male,37,Kolkata,West Bengal,Consumer,2024-12-22
CUST11080,Aditya Rao,Male,45,Udaipur,Rajasthan,Consumer,2025-12-04
CUST11081,Ishaan Jain,Male,51,Surat,Gujarat,Consumer,2026-06-02
CUST11082,Vivaan Deshmukh,Female,34,Jaipur,Rajasthan,Small Business,2025-02-20
CUST11083,Rohan Rao,Other,47,Lucknow,Uttar Pradesh,Corporate,2025-10-13
CUST11084,Riya Rao,Female,48,New Delhi,Delhi,Consumer,2023-02-07
CUST11085,Priya Patel,Female,38,Kolkata,West Bengal,Corporate,2023-02-21
CUST11086,Arjun Jain,Female,57,Surat,Gujarat,Small Business,2023-07-22
CUST11087,Rohan Jain,Female,43,Chennai,Tamil Nadu,Corporate,2023-09-07
CUST11088,Rohan Das,Female,30,Udaipur,Rajasthan,Corporate,2026-05-12
CUST11089,Ananya Jain,Male,47,Udaipur,Rajasthan,Consumer,2023-03-30
CUST11090,Ishaan Verma,Female,35,Kolkata,West Bengal,Small Business,2023-10-11
CUST11091,Aditya Rao,Male,40,Jaipur,Rajasthan,Consumer,2024-08-01
CUST11092,Isha Das,Female,33,Chennai,Tamil Nadu,Small Business,2025-06-17
CUST11093,Meera Mehta,Male,50,Mysuru,Karnataka,Consumer,2025-05-24
CUST11094,Diya Rao,Female,18,Coimbatore,Tamil Nadu,Corporate,2023-10-03
CUST11095,Priya Rao,Female,33,Bhopal,Madhya Pradesh,Consumer,2024-09-20
CUST11096,Meera Sharma,Male,64,New Delhi,Delhi,Consumer,2023-11-17
CUST11097,Aarav Singh,Male,18,Chhindwara,Madhya Pradesh,Small Business,2024-08-19
CUST11098,Kabir Mehta,Male,31,Indore,Madhya Pradesh,Corporate,2023-08-19
CUST11099,Priya Das,Female,18,Lucknow,Uttar Pradesh,Consumer,2023-05-04
CUST11100,Kabir Patel,Male,19,Jaipur,Rajasthan,Consumer,2024-09-11
CUST11101,Diya Deshmukh,Male,28,Jaipur,Rajasthan,Consumer,2024-08-19
CUST11102,Rohan Sharma,Male,40,Mumbai,Maharashtra,Consumer,2025-06-19
CUST11103,Isha Rao,Female,26,Chennai,Tamil Nadu,Corporate,2025-10-16
CUST11104,Vivaan Sharma,Female,63,Mumbai,Maharashtra,Consumer,2023-01-07
CUST11105,Priya Gupta,Female,26,Mumbai,Maharashtra,Consumer,2024-10-28
CUST11106,Riya Verma,Male,21,Surat,Gujarat,Corporate,2025-05-23
CUST11107,Aarav Rao,Male,44,Jaipur,Rajasthan,Consumer,2024-07-07
CUST11108,Nisha Gupta,Female,63,Jaipur,Rajasthan,Consumer,2024-04-05
CUST11109,Isha Verma,Male,21,Kolkata,West Bengal,Consumer,2023-07-18
CUST11110,Riya Gupta,Female,64,New Delhi,Delhi,Consumer,2026-04-12
CUST11111,Nisha Sharma,Other,21,Coimbatore,Tamil Nadu,Consumer,2023-09-27
CUST11112,Kabir Verma,Male,53,Chennai,Tamil Nadu,Corporate,2023-10-17
CUST11113,Meera Singh,Female,61,Mysuru,Karnataka,Consumer,2023-04-25
CUST11114,Isha Deshmukh,Male,57,New Delhi,Delhi,Corporate,2024-01-22
CUST11115,Diya Jain,Female,37,Noida,Uttar Pradesh,Consumer,2026-03-14
CUST11116,Vivaan Patel,Male,56,Mysuru,Karnataka,Consumer,2025-03-31
CUST11117,Rohan Singh,Female,55,Pune,Maharashtra,Consumer,2025-03-06
CUST11118,Priya Jain,Female,54,Chennai,Tamil Nadu,Consumer,2023-09-20
CUST11119,Ishaan Patel,Male,48,Jaipur,Rajasthan,Corporate,2023-09-15
CUST11120,Ishaan Gupta,Female,55,Jaipur,Rajasthan,Consumer,2025-12-20
CUST11121,Vivaan Sharma,Male,34,Kolkata,West Bengal,Corporate,2025-09-15
CUST11122,Rohan Singh,Male,46,Lucknow,Uttar Pradesh,Consumer,2023-01-13
CUST11123,Arjun Deshmukh,Male,28,Bhopal,Madhya Pradesh,Corporate,2024-10-06
CUST11124,Diya Patel,Male,65,Coimbatore,Tamil Nadu,Consumer,2025-10-23
CUST11125,Priya Verma,Female,60,Jaipur,Rajasthan,Consumer,2026-01-14
CUST11126,Nisha Verma,Female,62,Mysuru,Karnataka,Consumer,2026-03-29
CUST11127,Arjun Sharma,Female,64,New Delhi,Delhi,Consumer,2025-05-15
CUST11128,Ishaan Rao,Female,34,Kolkata,West Bengal,Corporate,2023-08-19
CUST11129,Aditya Deshmukh,Female,63,Indore,Madhya Pradesh,Consumer,2026-06-03
CUST11130,Rohan Gupta,Male,25,New Delhi,Delhi,Consumer,2024-02-23
CUST11131,Aditya Patel,Female,36,Indore,Madhya Pradesh,Consumer,2023-01-30
CUST11132,Vivaan Patel,Male,54,Ahmedabad,Gujarat,Consumer,2023-12-06
CUST11133,Meera Mehta,Female,38,Udaipur,Rajasthan,Consumer,2023-05-25
CUST11134,Kabir Sharma,Female,39,Kolkata,West Bengal,Consumer,2025-04-26
CUST11135,Aarav Rao,Female,51,Mysuru,Karnataka,Corporate,2025-03-20
CUST11136,Aditya Singh,Male,24,New Delhi,Delhi,Consumer,2024-02-23
CUST11137,Priya Mehta,Female,44,Mumbai,Maharashtra,Consumer,2024-04-15
CUST11138,Aarav Singh,Male,27,New Delhi,Delhi,Small Business,2025-01-21
CUST11139,Meera Singh,Male,55,Indore,Madhya Pradesh,Corporate,2023-01-10
CUST11140,Priya Mehta,Female,18,Coimbatore,Tamil Nadu,Consumer,2024-12-21
CUST11141,Diya Gupta,Female,53,Pune,Maharashtra,Consumer,2025-07-30
CUST11142,Isha Verma,Female,42,Chennai,Tamil Nadu,Consumer,2026-01-24
CUST11143,Vivaan Rao,Female,25,Jaipur,Rajasthan,Small Business,2023-10-30
CUST11144,Rohan Jain,Male,39,Ahmedabad,Gujarat,Small Business,2025-02-24
CUST11145,Priya Mehta,Male,34,Kolkata,West Bengal,Consumer,2024-02-22
CUST11146,Rohan Verma,Female,37,Bhopal,Madhya Pradesh,Corporate,2023-07-30
CUST11147,Aditya Patel,Female,25,Udaipur,Rajasthan,Corporate,2023-08-28
CUST11148,Isha Das,Female,29,Ahmedabad,Gujarat,Consumer,2024-08-07
CUST11149,Meera Verma,Female,63,Pune,Maharashtra,Small Business,2023-06-17
CUST11150,Ananya Mehta,Female,40,Ahmedabad,Gujarat,Consumer,2023-12-11
CUST11151,Aarav Rao,Male,45,Jaipur,Rajasthan,Consumer,2024-07-16
CUST11152,Ishaan Singh,Male,62,Indore,Madhya Pradesh,Consumer,2023-11-24
CUST11153,Priya Sharma,Female,20,Mysuru,Karnataka,Corporate,2023-07-05
CUST11154,Riya Mehta,Female,50,Chennai,Tamil Nadu,Consumer,2025-08-04
CUST11155,Isha Singh,Male,62,Pune,Maharashtra,Corporate,2024-06-06
CUST11156,Ananya Verma,Female,40,Mumbai,Maharashtra,Consumer,2023-12-12
CUST11157,Meera Sharma,Female,40,Chennai,Tamil Nadu,Small Business,2025-03-02
CUST11158,Meera Jain,Male,54,Mumbai,Maharashtra,Consumer,2024-01-02
CUST11159,Aarav Rao,Male,51,Surat,Gujarat,Consumer,2023-12-20
CUST11160,Isha Jain,Female,52,Udaipur,Rajasthan,Consumer,2023-03-29
CUST11161,Aditya Jain,Male,50,Mysuru,Karnataka,Consumer,2023-06-14
CUST11162,Kabir Jain,Male,33,Lucknow,Uttar Pradesh,Consumer,2025-01-19
CUST11163,Arjun Sharma,Male,56,New Delhi,Delhi,Corporate,2023-07-16
CUST11164,Aarav Jain,Male,50,Chhindwara,Madhya Pradesh,Consumer,2023-07-31
CUST11165,Ishaan Mehta,Female,43,Bengaluru,Karnataka,Small Business,2023-04-16
CUST11166,Kabir Mehta,Male,33,Jaipur,Rajasthan,Consumer,2024-03-08
CUST11167,Vivaan Verma,Male,36,Bengaluru,Karnataka,Small Business,2023-08-27
CUST11168,Rohan Singh,Male,40,Noida,Uttar Pradesh,Consumer,2023-03-08
CUST11169,Nisha Gupta,Male,49,Mysuru,Karnataka,Consumer,2023-06-15
CUST11170,Arjun Das,Male,36,Nagpur,Maharashtra,Consumer,2025-02-27
CUST11171,Nisha Deshmukh,Male,30,Kolkata,West Bengal,Corporate,2023-09-27
CUST11172,Aditya Sharma,Male,20,Noida,Uttar Pradesh,Small Business,2023-09-13
CUST11173,Kabir Sharma,Male,51,Bengaluru,Karnataka,Small Business,2024-05-10
CUST11174,Vivaan Verma,Female,50,Surat,Gujarat,Consumer,2023-02-15
CUST11175,Kabir Sharma,Male,26,New Delhi,Delhi,Consumer,2025-08-06
CUST11176,Kabir Jain,Male,49,New Delhi,Delhi,Small Business,2025-05-24
CUST11177,Kabir Jain,Male,18,Udaipur,Rajasthan,Consumer,2025-12-10
CUST11178,Aarav Gupta,Female,33,Bhopal,Madhya Pradesh,Corporate,2025-10-10
CUST11179,Diya Mehta,Female,50,Indore,Madhya Pradesh,Consumer,2023-03-25
CUST11180,Priya Rao,Male,58,Surat,Gujarat,Consumer,2024-01-26
CUST11181,Priya Singh,Male,60,Bhopal,Madhya Pradesh,Corporate,2024-01-03
CUST11182,Aarav Sharma,Male,45,Bhopal,Madhya Pradesh,Consumer,2024-02-05
CUST11183,Vivaan Jain,Male,31,Indore,Madhya Pradesh,Corporate,2024-11-03
CUST11184,Nisha Verma,Female,49,Jaipur,Rajasthan,Corporate,2026-03-18
CUST11185,Ananya Patel,Female,48,Mysuru,Karnataka,Corporate,2025-12-01
CUST11186,Aarav Rao,Male,23,Coimbatore,Tamil Nadu,Corporate,2024-06-28
CUST11187,Diya Rao,Male,61,Pune,Maharashtra,Consumer,2024-07-07
CUST11188,Aditya Jain,Male,63,New Delhi,Delhi,Corporate,2025-07-12
CUST11189,Priya Rao,Female,48,Indore,Madhya Pradesh,Consumer,2023-09-25
CUST11190,Nisha Jain,Female,21,Mysuru,Karnataka,Small Business,2025-07-04
CUST11191,Rohan Singh,Female,30,New Delhi,Delhi,Consumer,2025-03-15
CUST11192,Diya Singh,Male,23,Mysuru,Karnataka,Consumer,2023-09-11
CUST11193,Vivaan Mehta,Female,53,Coimbatore,Tamil Nadu,Consumer,2023-04-12
CUST11194,Kabir Gupta,Male,40,Surat,Gujarat,Consumer,2023-05-03
CUST11195,Vivaan Mehta,Female,24,Lucknow,Uttar Pradesh,Consumer,2023-10-12
CUST11196,Riya Gupta,Female,58,Chhindwara,Madhya Pradesh,Consumer,2026-04-27
CUST11197,Kabir Singh,Female,31,Lucknow,Uttar Pradesh,Corporate,2025-01-25
CUST11198,Isha Singh,Male,18,Coimbatore,Tamil Nadu,Corporate,2024-09-24
CUST11199,Kabir Verma,Male,38,Mysuru,Karnataka,Consumer,2023-01-26
CUST11200,Isha Singh,Male,49,Lucknow,Uttar Pradesh,Small Business,2024-01-11
CUST11201,Arjun Jain,Male,58,Indore,Madhya Pradesh,Consumer,2024-12-10
CUST11202,Aditya Singh,Female,18,Mysuru,Karnataka,Consumer,2023-12-26
CUST11203,Diya Rao,Female,40,Jaipur,Rajasthan,Corporate,2023-05-10
CUST11204,Ananya Verma,Male,26,Nagpur,Maharashtra,Corporate,2024-03-13
CUST11205,Aditya Jain,Male,19,Surat,Gujarat,Small Business,2025-07-29
CUST11206,Priya Singh,Female,46,Indore,Madhya Pradesh,Consumer,2024-10-08
CUST11207,Priya Deshmukh,Female,29,New Delhi,Delhi,Consumer,2023-05-20
CUST11208,Isha Rao,Female,47,Bengaluru,Karnataka,Consumer,2024-06-22
CUST11209,Nisha Das,Female,19,New Delhi,Delhi,Corporate,2023-07-16
CUST11210,Diya Jain,Male,61,Kolkata,West Bengal,Consumer,2024-07-12
CUST11211,Diya Sharma,Male,35,Coimbatore,Tamil Nadu,Small Business,2024-08-22
CUST11212,Ananya Rao,Male,60,Chhindwara,Madhya Pradesh,Consumer,2023-11-15
CUST11213,Rohan Mehta,Female,32,Mysuru,Karnataka,Consumer,2025-07-21
CUST11214,Ishaan Sharma,Male,57,Mysuru,Karnataka,Small Business,2024-12-24
CUST11215,Vivaan Verma,Male,49,Noida,Uttar Pradesh,Small Business,2026-02-16
CUST11216,Ananya Deshmukh,Male,25,Mumbai,Maharashtra,Corporate,2024-05-22
CUST11217,Ishaan Das,Female,19,Indore,Madhya Pradesh,Consumer,2025-12-29
CUST11218,Aarav Mehta,Male,53,Nagpur,Maharashtra,Small Business,2024-01-13
CUST11219,Rohan Jain,Male,36,Mysuru,Karnataka,Small Business,2025-06-24
CUST11220,Isha Jain,Female,37,Mysuru,Karnataka,Corporate,2023-06-02
CUST11221,Kabir Jain,Male,36,Udaipur,Rajasthan,Corporate,2025-01-02
CUST11222,Arjun Jain,Male,55,Bengaluru,Karnataka,Small Business,2024-07-21
CUST11223,Meera Gupta,Male,56,Udaipur,Rajasthan,Small Business,2026-05-17
CUST11224,Diya Patel,Female,38,Chennai,Tamil Nadu,Small Business,2024-09-29
CUST11225,Isha Verma,Female,46,Coimbatore,Tamil Nadu,Consumer,2023-03-20
CUST11226,Arjun Mehta,Male,30,Pune,Maharashtra,Corporate,2023-06-20
CUST11227,Ishaan Sharma,Male,44,Mysuru,Karnataka,Consumer,2025-06-14
CUST11228,Aarav Deshmukh,Male,42,Noida,Uttar Pradesh,Small Business,2025-03-09
CUST11229,Aditya Deshmukh,Male,58,Chennai,Tamil Nadu,Corporate,2023-07-29
CUST11230,Nisha Mehta,Female,59,Mysuru,Karnataka,Consumer,2024-09-23
CUST11231,Vivaan Rao,Female,50,Udaipur,Rajasthan,Consumer,2026-06-11
CUST11232,Ananya Verma,Female,35,Chhindwara,Madhya Pradesh,Corporate,2023-03-30
CUST11233,Vivaan Singh,Male,50,Ahmedabad,Gujarat,Consumer,2023-09-07
CUST11234,Diya Rao,Female,33,New Delhi,Delhi,Consumer,2023-06-10
CUST11235,Ishaan Jain,Male,35,Bhopal,Madhya Pradesh,Consumer,2023-09-12
CUST11236,Arjun Singh,Male,23,Kolkata,West Bengal,Consumer,2024-03-24
CUST11237,Aarav Gupta,Male,33,Lucknow,Uttar Pradesh,Consumer,2024-06-08
CUST11238,Diya Sharma,Male,18,New Delhi,Delhi,Consumer,2026-01-21
CUST11239,Rohan Rao,Female,27,Surat,Gujarat,Consumer,2024-08-24
CUST11240,Ishaan Singh,Female,26,Pune,Maharashtra,Consumer,2024-05-17
CUST11241,Aarav Mehta,Female,54,Ahmedabad,Gujarat,Corporate,2025-02-25
CUST11242,Priya Gupta,Female,28,New Delhi,Delhi,Consumer,2023-09-26
CUST11243,Aarav Deshmukh,Male,19,Bengaluru,Karnataka,Consumer,2024-11-25
CUST11244,Rohan Rao,Male,31,Ahmedabad,Gujarat,Consumer,2025-10-19
CUST11245,Arjun Jain,Female,53,Lucknow,Uttar Pradesh,Small Business,2024-03-09
CUST11246,Aditya Verma,Female,54,Surat,Gujarat,Consumer,2025-05-09
CUST11247,Riya Patel,Female,30,Coimbatore,Tamil Nadu,Small Business,2023-09-16
CUST11248,Aarav Verma,Female,27,Ahmedabad,Gujarat,Consumer,2023-10-05
CUST11249,Riya Rao,Female,51,Nagpur,Maharashtra,Corporate,2024-09-23
CUST11250,Aditya Verma,Female,65,Chennai,Tamil Nadu,Consumer,2025-05-22
CUST11251,Ananya Das,Male,38,Pune,Maharashtra,Consumer,2025-04-06
CUST11252,Riya Singh,Female,44,Lucknow,Uttar Pradesh,Small Business,2025-09-08
CUST11253,Ananya Rao,Female,27,Mysuru,Karnataka,Small Business,2023-04-17
CUST11254,Priya Gupta,Male,30,Coimbatore,Tamil Nadu,Consumer,2023-03-18
CUST11255,Aditya Deshmukh,Male,29,New Delhi,Delhi,Consumer,2024-09-01
CUST11256,Riya Gupta,Female,42,Surat,Gujarat,Corporate,2023-04-09
CUST11257,Isha Mehta,Male,54,Noida,Uttar Pradesh,Consumer,2023-08-06
CUST11258,Aditya Singh,Female,61,New Delhi,Delhi,Consumer,2023-12-10
CUST11259,Aditya Patel,Female,20,Coimbatore,Tamil Nadu,Consumer,2026-06-13
CUST11260,Rohan Jain,Male,40,Jaipur,Rajasthan,Consumer,2026-01-29
CUST11261,Meera Jain,Female,23,Pune,Maharashtra,Corporate,2023-03-13
CUST11262,Aarav Das,Female,31,Bengaluru,Karnataka,Consumer,2024-03-12
CUST11263,Kabir Verma,Male,50,Chennai,Tamil Nadu,Consumer,2025-04-06
CUST11264,Diya Mehta,Male,55,Ahmedabad,Gujarat,Small Business,2024-09-15
CUST11265,Nisha Verma,Female,52,Chhindwara,Madhya Pradesh,Corporate,2023-08-30
CUST11266,Ishaan Mehta,Female,65,Mysuru,Karnataka,Corporate,2026-05-11
CUST11267,Arjun Rao,Male,58,Ahmedabad,Gujarat,Consumer,2024-01-24
CUST11268,Aarav Singh,Male,25,Coimbatore,Tamil Nadu,Corporate,2024-09-30
CUST11269,Meera Patel,Male,27,Pune,Maharashtra,Corporate,2026-04-17
CUST11270,Aarav Mehta,Female,44,Kolkata,West Bengal,Consumer,2023-08-31
CUST11271,Vivaan Verma,Male,52,Bengaluru,Karnataka,Consumer,2025-01-15
CUST11272,Nisha Das,Female,58,Ahmedabad,Gujarat,Corporate,2024-08-19
CUST11273,Riya Patel,Male,34,Coimbatore,Tamil Nadu,Consumer,2025-05-12
CUST11274,Riya Patel,Female,55,Kolkata,West Bengal,Consumer,2025-09-03
CUST11275,Isha Das,Male,20,Surat,Gujarat,Consumer,2023-08-28
CUST11276,Ananya Deshmukh,Female,42,Indore,Madhya Pradesh,Small Business,2026-04-06
CUST11277,Diya Jain,Male,26,New Delhi,Delhi,Consumer,2024-08-29
CUST11278,Arjun Patel,Male,25,Bengaluru,Karnataka,Consumer,2024-01-04
CUST11279,Vivaan Rao,Female,30,Mysuru,Karnataka,Consumer,2026-05-31
CUST11280,Priya Singh,Female,44,Bengaluru,Karnataka,Consumer,2024-04-17
CUST11281,Rohan Patel,Female,39,Bengaluru,Karnataka,Corporate,2025-07-03
CUST11282,Isha Deshmukh,Male,45,Jaipur,Rajasthan,Corporate,2025-05-09
CUST11283,Kabir Mehta,Female,42,Bengaluru,Karnataka,Corporate,2023-07-29
CUST11284,Ananya Rao,Female,43,Indore,Madhya Pradesh,Consumer,2025-03-29
CUST11285,Meera Gupta,Male,63,Surat,Gujarat,Small Business,2024-08-12
CUST11286,Meera Gupta,Male,28,Indore,Madhya Pradesh,Small Business,2023-05-19
CUST11287,Meera Jain,Female,62,Kolkata,West Bengal,Consumer,2026-06-03
CUST11288,Nisha Jain,Male,39,Surat,Gujarat,Consumer,2023-05-28
CUST11289,Ishaan Gupta,Male,22,Mumbai,Maharashtra,Consumer,2026-03-28
CUST11290,Isha Jain,Female,54,Ahmedabad,Gujarat,Consumer,2023-04-28
CUST11291,Arjun Singh,Male,52,Pune,Maharashtra,Small Business,2026-03-23
CUST11292,Isha Gupta,Male,54,Mysuru,Karnataka,Consumer,2023-01-25
CUST11293,Aditya Das,Female,18,Lucknow,Uttar Pradesh,Consumer,2026-06-18
CUST11294,Aarav Deshmukh,Female,21,Ahmedabad,Gujarat,Small Business,2025-07-06
CUST11295,Diya Deshmukh,Female,65,Noida,Uttar Pradesh,Consumer,2023-06-21
CUST11296,Priya Verma,Male,43,Udaipur,Rajasthan,Corporate,2023-12-19
CUST11297,Isha Mehta,Female,50,Ahmedabad,Gujarat,Consumer,2023-09-18
CUST11298,Ishaan Das,Male,36,Mysuru,Karnataka,Consumer,2025-11-20
CUST11299,Aditya Singh,Female,48,Mysuru,Karnataka,Consumer,2024-01-18
CUST11300,Ananya Mehta,Male,20,Coimbatore,Tamil Nadu,Corporate,2026-05-11
CUST11301,Aarav Mehta,Female,52,Kolkata,West Bengal,Corporate,2023-08-14
CUST11302,Diya Patel,Female,62,Chhindwara,Madhya Pradesh,Corporate,2023-06-13
CUST11303,Rohan Gupta,Female,37,Bhopal,Madhya Pradesh,Consumer,2023-02-05
CUST11304,Isha Das,Male,21,Coimbatore,Tamil Nadu,Consumer,2024-06-23
CUST11305,Aarav Sharma,Female,64,Noida,Uttar Pradesh,Consumer,2024-08-28
CUST11306,Aarav Verma,Male,57,Lucknow,Uttar Pradesh,Consumer,2025-06-19
CUST11307,Nisha Rao,Male,57,Mysuru,Karnataka,Consumer,2023-05-18
CUST11308,Aditya Jain,Female,64,Mysuru,Karnataka,Consumer,2024-04-03
CUST11309,Rohan Rao,Male,60,Ahmedabad,Gujarat,Small Business,2024-12-06
CUST11310,Ananya Rao,Male,56,Chennai,Tamil Nadu,Corporate,2025-06-16
CUST11311,Rohan Deshmukh,Female,53,Chhindwara,Madhya Pradesh,Consumer,2024-05-11
CUST11312,Aarav Mehta,Male,37,Nagpur,Maharashtra,Consumer,2025-10-28
CUST11313,Diya Mehta,Female,46,Nagpur,Maharashtra,Consumer,2026-03-12
CUST11314,Riya Jain,Female,61,Udaipur,Rajasthan,Consumer,2023-06-20
CUST11315,Ananya Rao,Male,37,Bhopal,Madhya Pradesh,Consumer,2025-03-18
CUST11316,Rohan Rao,Male,22,Kolkata,West Bengal,Consumer,2024-04-22
CUST11317,Riya Patel,Female,44,Indore,Madhya Pradesh,Consumer,2025-10-15
CUST11318,Aarav Gupta,Male,40,Mysuru,Karnataka,Corporate,2024-03-30
CUST11319,Riya Mehta,Male,57,Chennai,Tamil Nadu,Consumer,2025-09-23
CUST11320,Rohan Sharma,Male,50,New Delhi,Delhi,Consumer,2023-06-11
CUST11321,Nisha Singh,Female,20,Kolkata,West Bengal,Corporate,2026-02-03
CUST11322,Ananya Verma,Female,46,Indore,Madhya Pradesh,Consumer,2023-08-29
CUST11323,Vivaan Singh,Female,35,Chennai,Tamil Nadu,Consumer,2023-06-26
CUST11324,Ananya Singh,Male,50,Mumbai,Maharashtra,Consumer,2024-09-14
CUST11325,Vivaan Mehta,Female,58,Mysuru,Karnataka,Consumer,2023-07-31
CUST11326,Meera Verma,Female,20,Mysuru,Karnataka,Consumer,2024-10-07
CUST11327,Ishaan Verma,Female,39,New Delhi,Delhi,Consumer,2023-02-01
CUST11328,Ananya Gupta,Male,62,Nagpur,Maharashtra,Consumer,2023-05-20
CUST11329,Rohan Deshmukh,Female,38,Chennai,Tamil Nadu,Consumer,2025-03-02
CUST11330,Vivaan Verma,Other,34,Nagpur,Maharashtra,Consumer,2025-02-16
CUST11331,Riya Patel,Female,63,Bengaluru,Karnataka,Consumer,2024-02-22
CUST11332,Aditya Das,Male,65,New Delhi,Delhi,Consumer,2025-02-13
CUST11333,Kabir Jain,Male,56,Pune,Maharashtra,Consumer,2025-08-10
CUST11334,Meera Das,Female,27,Udaipur,Rajasthan,Small Business,2023-12-02
CUST11335,Arjun Mehta,Male,58,Kolkata,West Bengal,Small Business,2025-03-11
CUST11336,Aarav Das,Female,18,New Delhi,Delhi,Consumer,2026-01-13
CUST11337,Nisha Singh,Female,28,Mysuru,Karnataka,Consumer,2024-09-28
CUST11338,Nisha Singh,Male,21,Kolkata,West Bengal,Consumer,2024-12-22
CUST11339,Nisha Deshmukh,Male,62,Udaipur,Rajasthan,Consumer,2024-01-01
CUST11340,Nisha Patel,Female,57,Indore,Madhya Pradesh,Consumer,2025-05-19
CUST11341,Ishaan Singh,Female,64,Indore,Madhya Pradesh,Corporate,2025-04-28
CUST11342,Arjun Das,Male,25,Kolkata,West Bengal,Small Business,2023-12-17
CUST11343,Riya Rao,Female,45,Udaipur,Rajasthan,Small Business,2024-04-30
CUST11344,Riya Verma,Male,37,Bhopal,Madhya Pradesh,Consumer,2026-03-31
CUST11345,Priya Das,Male,21,Noida,Uttar Pradesh,Consumer,2023-09-24
CUST11346,Arjun Jain,Male,50,Kolkata,West Bengal,Corporate,2024-11-08
CUST11347,Isha Gupta,Male,21,Chennai,Tamil Nadu,Consumer,2025-05-22
CUST11348,Rohan Gupta,Female,32,Bengaluru,Karnataka,Small Business,2025-07-17
CUST11349,Diya Verma,Male,45,Surat,Gujarat,Consumer,2024-05-09
CUST11350,Kabir Verma,Female,64,New Delhi,Delhi,Consumer,2023-08-30
CUST11351,Isha Das,Male,64,Jaipur,Rajasthan,Consumer,2024-08-31
CUST11352,Diya Das,Male,45,Pune,Maharashtra,Consumer,2025-03-15
CUST11353,Priya Patel,Female,42,Bengaluru,Karnataka,Consumer,2024-06-17
CUST11354,Aditya Jain,Male,60,New Delhi,Delhi,Consumer,2025-11-21
CUST11355,Aditya Gupta,Female,50,New Delhi,Delhi,Consumer,2023-04-19
CUST11356,Aditya Sharma,Male,40,Lucknow,Uttar Pradesh,Consumer,2023-10-25
CUST11357,Rohan Deshmukh,Female,24,Ahmedabad,Gujarat,Consumer,2025-09-14
CUST11358,Meera Deshmukh,Male,40,New Delhi,Delhi,Consumer,2023-02-05
CUST11359,Meera Deshmukh,Female,22,Lucknow,Uttar Pradesh,Consumer,2025-06-20
CUST11360,Ishaan Verma,Female,21,New Delhi,Delhi,Small Business,2023-03-09
CUST11361,Nisha Sharma,Female,42,Bengaluru,Karnataka,Small Business,2025-09-08
CUST11362,Meera Verma,Male,29,Lucknow,Uttar Pradesh,Consumer,2024-01-08
CUST11363,Aarav Mehta,Female,56,Mumbai,Maharashtra,Consumer,2025-01-02
CUST11364,Priya Verma,Female,33,Pune,Maharashtra,Consumer,2026-04-29
CUST11365,Arjun Mehta,Male,26,New Delhi,Delhi,Consumer,2024-08-15
CUST11366,Arjun Das,Male,39,Kolkata,West Bengal,Consumer,2024-01-27
CUST11367,Aarav Patel,Female,37,Udaipur,Rajasthan,Consumer,2024-01-08
CUST11368,Priya Sharma,Male,29,Pune,Maharashtra,Corporate,2024-02-28
CUST11369,Kabir Patel,Male,42,Pune,Maharashtra,Corporate,2026-03-17
CUST11370,Riya Deshmukh,Female,64,Nagpur,Maharashtra,Corporate,2026-04-27
CUST11371,Meera Mehta,Male,42,New Delhi,Delhi,Corporate,2025-07-30
CUST11372,Ishaan Patel,Female,50,Pune,Maharashtra,Consumer,2023-01-18
CUST11373,Aarav Patel,Female,19,Kolkata,West Bengal,Consumer,2024-01-22
CUST11374,Aditya Patel,Male,32,New Delhi,Delhi,Consumer,2025-05-17
CUST11375,Aarav Deshmukh,Male,36,Ahmedabad,Gujarat,Corporate,2023-01-02
CUST11376,Diya Jain,Other,43,Lucknow,Uttar Pradesh,Consumer,2023-10-02
CUST11377,Ishaan Mehta,Male,37,Bengaluru,Karnataka,Consumer,2023-12-02
CUST11378,Priya Mehta,Female,61,New Delhi,Delhi,Consumer,2024-05-17
CUST11379,Arjun Sharma,Female,64,Surat,Gujarat,Consumer,2023-12-12
CUST11380,Isha Singh,Male,56,Lucknow,Uttar Pradesh,Consumer,2024-06-08
CUST11381,Priya Rao,Female,50,Noida,Uttar Pradesh,Consumer,2026-02-20
CUST11382,Nisha Singh,Male,37,Nagpur,Maharashtra,Corporate,2024-02-17
CUST11383,Aditya Jain,Male,28,Kolkata,West Bengal,Consumer,2025-04-28
CUST11384,Isha Rao,Female,50,Ahmedabad,Gujarat,Consumer,2023-06-21
CUST11385,Ananya Deshmukh,Male,39,Bengaluru,Karnataka,Corporate,2026-01-31
CUST11386,Rohan Patel,Male,43,Coimbatore,Tamil Nadu,Consumer,2024-04-22
CUST11387,Priya Sharma,Male,18,Kolkata,West Bengal,Consumer,2023-02-28
CUST11388,Aarav Singh,Female,31,Surat,Gujarat,Consumer,2024-03-19
CUST11389,Ishaan Patel,Female,48,Mumbai,Maharashtra,Consumer,2026-05-25
CUST11390,Vivaan Jain,Male,22,Ahmedabad,Gujarat,Corporate,2023-05-12
CUST11391,Arjun Sharma,Female,57,Bengaluru,Karnataka,Corporate,2026-03-27
CUST11392,Diya Verma,Female,44,Mysuru,Karnataka,Consumer,2025-07-15
CUST11393,Ishaan Rao,Male,64,Coimbatore,Tamil Nadu,Consumer,2025-09-23
CUST11394,Ishaan Gupta,Female,36,Chennai,Tamil Nadu,Small Business,2024-10-13
CUST11395,Diya Mehta,Male,21,Surat,Gujarat,Consumer,2025-03-20
CUST11396,Riya Jain,Male,37,Bhopal,Madhya Pradesh,Consumer,2024-04-18
CUST11397,Rohan Das,Male,42,New Delhi,Delhi,Consumer,2026-01-25
CUST11398,Diya Verma,Male,36,Chhindwara,Madhya Pradesh,Small Business,2025-01-31
CUST11399,Priya Das,Male,46,Lucknow,Uttar Pradesh,Consumer,2024-02-08
CUST11400,Kabir Sharma,Male,28,Bengaluru,Karnataka,Corporate,2024-11-20
CUST11401,Isha Patel,Male,39,Jaipur,Rajasthan,Small Business,2024-10-27
CUST11402,Ananya Deshmukh,Female,19,Ahmedabad,Gujarat,Small Business,2026-06-08
CUST11403,Rohan Sharma,Male,42,New Delhi,Delhi,Corporate,2023-05-17
CUST11404,Aarav Sharma,Female,23,Lucknow,Uttar Pradesh,Corporate,2025-09-07
CUST11405,Vivaan Gupta,Female,45,Chhindwara,Madhya Pradesh,Small Business,2023-11-30
CUST11406,Meera Deshmukh,Male,25,Udaipur,Rajasthan,Corporate,2026-02-02
CUST11407,Aarav Sharma,Female,22,New Delhi,Delhi,Consumer,2024-06-12
CUST11408,Riya Sharma,Male,31,Ahmedabad,Gujarat,Consumer,2026-03-14
CUST11409,Nisha Sharma,Male,20,Kolkata,West Bengal,Consumer,2025-05-25
CUST11410,Nisha Singh,Female,34,Chennai,Tamil Nadu,Consumer,2023-05-31
CUST11411,Arjun Deshmukh,Male,55,Udaipur,Rajasthan,Consumer,2024-11-16
CUST11412,Isha Gupta,Female,29,Coimbatore,Tamil Nadu,Consumer,2025-02-18
CUST11413,Rohan Verma,Female,60,Coimbatore,Tamil Nadu,Consumer,2024-10-08
CUST11414,Diya Deshmukh,Female,56,Udaipur,Rajasthan,Consumer,2024-02-21
CUST11415,Kabir Singh,Male,24,Udaipur,Rajasthan,Corporate,2025-08-10
CUST11416,Diya Gupta,Male,62,Coimbatore,Tamil Nadu,Consumer,2026-03-17
CUST11417,Meera Jain,Male,52,Lucknow,Uttar Pradesh,Consumer,2024-07-25
CUST11418,Aditya Rao,Other,24,Ahmedabad,Gujarat,Consumer,2023-09-16
CUST11419,Aditya Rao,Female,41,Noida,Uttar Pradesh,Consumer,2023-04-29
CUST11420,Ishaan Deshmukh,Female,43,Chhindwara,Madhya Pradesh,Consumer,2024-07-24
CUST11421,Isha Das,Male,58,Coimbatore,Tamil Nadu,Small Business,2023-12-25
CUST11422,Vivaan Sharma,Male,39,Kolkata,West Bengal,Consumer,2024-02-12
CUST11423,Riya Singh,Male,27,Udaipur,Rajasthan,Consumer,2024-03-12
CUST11424,Aarav Mehta,Male,48,Lucknow,Uttar Pradesh,Consumer,2024-06-06
CUST11425,Arjun Mehta,Female,40,Nagpur,Maharashtra,Consumer,2024-06-12
CUST11426,Diya Rao,Male,30,Kolkata,West Bengal,Consumer,2025-06-24
CUST11427,Diya Deshmukh,Male,28,Indore,Madhya Pradesh,Corporate,2026-03-26
CUST11428,Arjun Mehta,Female,25,Mumbai,Maharashtra,Corporate,2024-11-07
CUST11429,Aarav Das,Male,63,Lucknow,Uttar Pradesh,Consumer,2025-10-27
CUST11430,Nisha Gupta,Female,61,Kolkata,West Bengal,Consumer,2025-05-25
CUST11431,Priya Mehta,Male,42,Kolkata,West Bengal,Consumer,2025-09-29
CUST11432,Aarav Das,Male,24,Udaipur,Rajasthan,Consumer,2024-08-23
CUST11433,Riya Rao,Male,32,Ahmedabad,Gujarat,Consumer,2025-07-26
CUST11434,Vivaan Rao,Male,38,Indore,Madhya Pradesh,Corporate,2026-04-04
CUST11435,Ishaan Rao,Male,34,Ahmedabad,Gujarat,Consumer,2024-07-08
CUST11436,Vivaan Sharma,Male,63,New Delhi,Delhi,Consumer,2025-06-17
CUST11437,Priya Das,Female,64,Mysuru,Karnataka,Small Business,2025-02-11
CUST11438,Ananya Verma,Female,54,Noida,Uttar Pradesh,Consumer,2024-07-16
CUST11439,Riya Mehta,Male,23,New Delhi,Delhi,Consumer,2025-01-19
CUST11440,Ishaan Deshmukh,Female,30,Kolkata,West Bengal,Consumer,2025-07-25
CUST11441,Nisha Verma,Male,21,Surat,Gujarat,Consumer,2025-04-11
CUST11442,Vivaan Patel,Male,64,Kolkata,West Bengal,Consumer,2024-02-05
CUST11443,Diya Sharma,Female,51,Kolkata,West Bengal,Consumer,2023-09-27
CUST11444,Arjun Patel,Male,45,Ahmedabad,Gujarat,Consumer,2025-05-11
CUST11445,Kabir Patel,Male,57,Kolkata,West Bengal,Corporate,2023-05-31
CUST11446,Diya Gupta,Male,20,Bengaluru,Karnataka,Small Business,2024-03-09
CUST11447,Meera Mehta,Female,60,Indore,Madhya Pradesh,Consumer,2023-01-07
CUST11448,Rohan Mehta,Female,51,Mysuru,Karnataka,Corporate,2025-05-29
CUST11449,Ananya Das,Female,50,Coimbatore,Tamil Nadu,Consumer,2025-12-26
CUST11450,Nisha Rao,Female,58,Noida,Uttar Pradesh,Consumer,2024-02-18
CUST11451,Meera Singh,Female,29,Bhopal,Madhya Pradesh,Consumer,2026-06-11
CUST11452,Meera Sharma,Male,64,Kolkata,West Bengal,Small Business,2023-01-12
CUST11453,Rohan Singh,Female,47,Bengaluru,Karnataka,Consumer,2024-06-03
CUST11454,Ishaan Verma,Male,57,Bhopal,Madhya Pradesh,Consumer,2024-07-30
CUST11455,Vivaan Patel,Female,48,Nagpur,Maharashtra,Consumer,2024-12-10
CUST11456,Isha Patel,Male,55,Kolkata,West Bengal,Corporate,2025-05-03
CUST11457,Nisha Das,Female,29,Bengaluru,Karnataka,Corporate,2025-09-16
CUST11458,Meera Jain,Female,59,Chhindwara,Madhya Pradesh,Small Business,2025-12-10
CUST11459,Riya Deshmukh,Male,55,Lucknow,Uttar Pradesh,Consumer,2023-04-06
CUST11460,Arjun Deshmukh,Male,31,Indore,Madhya Pradesh,Consumer,2024-10-26
CUST11461,Meera Rao,Male,32,Ahmedabad,Gujarat,Small Business,2023-11-15
CUST11462,Kabir Mehta,Male,54,Mysuru,Karnataka,Small Business,2024-09-11
CUST11463,Rohan Sharma,Other,30,Chhindwara,Madhya Pradesh,Small Business,2023-05-19
CUST11464,Ananya Patel,Female,18,Udaipur,Rajasthan,Consumer,2025-12-31
CUST11465,Kabir Sharma,Male,54,New Delhi,Delhi,Small Business,2024-05-06
CUST11466,Diya Verma,Male,48,Surat,Gujarat,Consumer,2024-11-09
CUST11467,Kabir Deshmukh,Male,44,Surat,Gujarat,Consumer,2023-10-15
CUST11468,Aarav Gupta,Female,20,Kolkata,West Bengal,Consumer,2025-07-05
CUST11469,Ishaan Deshmukh,Male,47,Bengaluru,Karnataka,Small Business,2025-05-05
CUST11470,Nisha Gupta,Male,64,Bhopal,Madhya Pradesh,Consumer,2024-03-22
CUST11471,Rohan Jain,Female,35,Jaipur,Rajasthan,Consumer,2025-02-27
CUST11472,Priya Rao,Male,19,Ahmedabad,Gujarat,Consumer,2025-08-24
CUST11473,Kabir Patel,Female,37,Udaipur,Rajasthan,Consumer,2024-07-03
CUST11474,Kabir Gupta,Male,49,Indore,Madhya Pradesh,Consumer,2024-05-02
CUST11475,Meera Verma,Male,27,Pune,Maharashtra,Consumer,2024-01-03
CUST11476,Kabir Das,Male,52,New Delhi,Delhi,Consumer,2025-12-17
CUST11477,Priya Gupta,Other,42,Udaipur,Rajasthan,Consumer,2025-09-24
CUST11478,Vivaan Jain,Female,35,Udaipur,Rajasthan,Consumer,2024-09-06
CUST11479,Nisha Patel,Female,19,Kolkata,West Bengal,Consumer,2025-03-04
CUST11480,Nisha Das,Male,29,New Delhi,Delhi,Consumer,2024-01-27
CUST11481,Isha Das,Female,63,Kolkata,West Bengal,Consumer,2023-03-24
CUST11482,Rohan Das,Male,19,Surat,Gujarat,Corporate,2026-01-05
CUST11483,Rohan Deshmukh,Male,34,Ahmedabad,Gujarat,Corporate,2026-02-06
CUST11484,Aarav Rao,Male,23,Kolkata,West Bengal,Small Business,2023-08-12
CUST11485,Meera Verma,Male,37,Lucknow,Uttar Pradesh,Small Business,2024-03-02
CUST11486,Aditya Jain,Female,25,Ahmedabad,Gujarat,Consumer,2024-07-28
CUST11487,Isha Deshmukh,Female,46,Mumbai,Maharashtra,Small Business,2025-06-24
CUST11488,Aarav Mehta,Female,51,Coimbatore,Tamil Nadu,Consumer,2025-05-22
CUST11489,Diya Singh,Female,22,Kolkata,West Bengal,Consumer,2024-07-15
CUST11490,Aarav Deshmukh,Male,42,Indore,Madhya Pradesh,Consumer,2025-05-18
CUST11491,Kabir Patel,Male,32,Kolkata,West Bengal,Consumer,2023-12-18
CUST11492,Ishaan Rao,Female,31,New Delhi,Delhi,Small Business,2025-04-01
CUST11493,Diya Sharma,Female,55,Mysuru,Karnataka,Consumer,2023-12-07
CUST11494,Ishaan Das,Female,22,New Delhi,Delhi,Consumer,2024-04-16
CUST11495,Ishaan Mehta,Male,34,Kolkata,West Bengal,Corporate,2023-05-31
CUST11496,Arjun Sharma,Male,62,New Delhi,Delhi,Consumer,2025-03-18
CUST11497,Meera Sharma,Female,25,Ahmedabad,Gujarat,Consumer,2024-11-04
CUST11498,Riya Verma,Male,32,New Delhi,Delhi,Corporate,2023-07-12
CUST11499,Vivaan Singh,Female,28,Kolkata,West Bengal,Corporate,2023-11-03
CUST11500,Meera Gupta,Male,28,Surat,Gujarat,Small Business,2023-11-21
CUST11501,Diya Verma,Female,52,Mysuru,Karnataka,Consumer,2026-03-06
CUST11502,Rohan Verma,Male,56,Mysuru,Karnataka,Corporate,2023-01-23
CUST11503,Riya Jain,Male,65,Kolkata,West Bengal,Small Business,2023-08-07
CUST11504,Meera Mehta,Female,25,Nagpur,Maharashtra,Small Business,2026-03-04
CUST11505,Diya Patel,Male,48,New Delhi,Delhi,Corporate,2025-04-04
CUST11506,Kabir Gupta,Female,45,Coimbatore,Tamil Nadu,Consumer,2024-04-12
CUST11507,Aarav Rao,Female,49,Lucknow,Uttar Pradesh,Consumer,2024-11-25
CUST11508,Isha Das,Male,60,Lucknow,Uttar Pradesh,Consumer,2026-03-23
CUST11509,Nisha Verma,Male,56,New Delhi,Delhi,Consumer,2025-12-16
CUST11510,Rohan Deshmukh,Male,51,Pune,Maharashtra,Corporate,2023-11-12
CUST11511,Diya Rao,Other,49,Chhindwara,Madhya Pradesh,Small Business,2023-02-07
CUST11512,Aditya Gupta,Female,19,Jaipur,Rajasthan,Consumer,2024-07-31
CUST11513,Riya Verma,Female,27,Mysuru,Karnataka,Consumer,2023-09-16
CUST11514,Meera Sharma,Male,24,Chhindwara,Madhya Pradesh,Consumer,2025-05-23
CUST11515,Vivaan Singh,Male,49,New Delhi,Delhi,Consumer,2025-04-17
CUST11516,Ishaan Gupta,Female,19,Jaipur,Rajasthan,Consumer,2023-01-18
CUST11517,Rohan Patel,Female,55,Noida,Uttar Pradesh,Consumer,2025-04-11
CUST11518,Diya Mehta,Male,46,Chennai,Tamil Nadu,Small Business,2026-06-16
CUST11519,Aarav Deshmukh,Female,47,New Delhi,Delhi,Consumer,2025-09-12
CUST11520,Aditya Gupta,Male,35,Lucknow,Uttar Pradesh,Corporate,2023-06-20
CUST11521,Isha Patel,Male,47,New Delhi,Delhi,Corporate,2025-03-15
CUST11522,Priya Mehta,Male,41,Mysuru,Karnataka,Consumer,2024-01-13
CUST11523,Priya Deshmukh,Female,52,Pune,Maharashtra,Consumer,2026-02-11
CUST11524,Aditya Jain,Female,35,Kolkata,West Bengal,Consumer,2023-05-11
CUST11525,Diya Sharma,Female,59,Mumbai,Maharashtra,Small Business,2026-05-01
CUST11526,Meera Das,Male,35,Kolkata,West Bengal,Consumer,2023-11-06
CUST11527,Kabir Sharma,Female,37,Indore,Madhya Pradesh,Consumer,2024-04-07
CUST11528,Diya Gupta,Male,57,Nagpur,Maharashtra,Consumer,2025-08-18
CUST11529,Meera Verma,Male,50,Ahmedabad,Gujarat,Consumer,2023-08-06
CUST11530,Vivaan Sharma,Male,44,Mysuru,Karnataka,Consumer,2024-02-11
CUST11531,Kabir Deshmukh,Male,23,Lucknow,Uttar Pradesh,Consumer,2024-07-14
CUST11532,Aarav Mehta,Male,32,Indore,Madhya Pradesh,Consumer,2023-09-27
CUST11533,Kabir Verma,Male,31,Coimbatore,Tamil Nadu,Consumer,2023-12-07
CUST11534,Kabir Sharma,Female,51,Lucknow,Uttar Pradesh,Consumer,2023-09-11
CUST11535,Arjun Deshmukh,Male,23,Mysuru,Karnataka,Consumer,2024-02-23
CUST11536,Aarav Mehta,Male,19,Jaipur,Rajasthan,Consumer,2025-11-17
CUST11537,Diya Das,Female,57,Bhopal,Madhya Pradesh,Consumer,2023-06-29
CUST11538,Riya Patel,Male,51,Lucknow,Uttar Pradesh,Small Business,2024-02-17
CUST11539,Riya Das,Male,33,Chhindwara,Madhya Pradesh,Corporate,2023-05-18
CUST11540,Arjun Jain,Female,44,Chhindwara,Madhya Pradesh,Consumer,2025-01-31
CUST11541,Priya Sharma,Female,22,Mumbai,Maharashtra,Consumer,2025-06-14
CUST11542,Arjun Sharma,Female,46,Surat,Gujarat,Consumer,2025-12-04
CUST11543,Ishaan Patel,Female,55,New Delhi,Delhi,Consumer,2023-05-11
CUST11544,Nisha Verma,Male,63,Coimbatore,Tamil Nadu,Consumer,2024-04-08
CUST11545,Kabir Mehta,Female,32,Udaipur,Rajasthan,Small Business,2024-07-10
CUST11546,Isha Rao,Female,53,Jaipur,Rajasthan,Consumer,2024-12-14
CUST11547,Meera Das,Female,22,Udaipur,Rajasthan,Consumer,2024-07-11
CUST11548,Ishaan Das,Male,44,Bhopal,Madhya Pradesh,Small Business,2024-05-10
CUST11549,Nisha Mehta,Female,62,Chhindwara,Madhya Pradesh,Small Business,2025-10-22
CUST11550,Nisha Singh,Other,65,Noida,Uttar Pradesh,Consumer,2024-12-13
CUST11551,Ananya Deshmukh,Male,37,New Delhi,Delhi,Consumer,2023-08-21
CUST11552,Isha Mehta,Male,61,Kolkata,West Bengal,Small Business,2023-07-26
CUST11553,Vivaan Mehta,Male,25,New Delhi,Delhi,Consumer,2023-10-02
CUST11554,Isha Sharma,Male,40,Noida,Uttar Pradesh,Consumer,2024-02-23
CUST11555,Ishaan Patel,Male,48,Nagpur,Maharashtra,Corporate,2024-05-27
CUST11556,Riya Singh,Male,30,Surat,Gujarat,Corporate,2025-12-16
CUST11557,Vivaan Sharma,Male,21,Noida,Uttar Pradesh,Consumer,2026-06-25
CUST11558,Vivaan Deshmukh,Male,31,Pune,Maharashtra,Corporate,2024-03-11
CUST11559,Ananya Das,Male,30,Surat,Gujarat,Corporate,2023-01-30
CUST11560,Meera Sharma,Female,35,Nagpur,Maharashtra,Consumer,2024-02-12
CUST11561,Nisha Gupta,Female,62,Lucknow,Uttar Pradesh,Consumer,2025-12-25
CUST11562,Priya Rao,Female,51,New Delhi,Delhi,Consumer,2024-07-21
CUST11563,Meera Gupta,Male,50,Bhopal,Madhya Pradesh,Consumer,2024-07-02
CUST11564,Isha Deshmukh,Male,53,Udaipur,Rajasthan,Small Business,2024-04-26
CUST11565,Ananya Patel,Female,33,Noida,Uttar Pradesh,Corporate,2025-01-31
CUST11566,Meera Rao,Other,49,Surat,Gujarat,Consumer,2026-04-01
CUST11567,Riya Jain,Female,18,Kolkata,West Bengal,Corporate,2025-05-19
CUST11568,Aditya Das,Female,21,Jaipur,Rajasthan,Consumer,2025-05-23
CUST11569,Kabir Patel,Male,21,Chennai,Tamil Nadu,Consumer,2025-12-24
CUST11570,Priya Singh,Male,43,Udaipur,Rajasthan,Corporate,2025-12-17
CUST11571,Isha Singh,Male,27,Nagpur,Maharashtra,Consumer,2024-02-26
CUST11572,Aarav Jain,Female,18,Coimbatore,Tamil Nadu,Small Business,2025-07-18
CUST11573,Nisha Deshmukh,Female,50,Bhopal,Madhya Pradesh,Consumer,2024-01-30
CUST11574,Kabir Jain,Female,57,Mumbai,Maharashtra,Corporate,2026-06-03
CUST11575,Ananya Sharma,Female,24,Surat,Gujarat,Corporate,2026-05-18
CUST11576,Nisha Rao,Female,26,Coimbatore,Tamil Nadu,Corporate,2025-01-02
CUST11577,Aditya Gupta,Female,54,Indore,Madhya Pradesh,Consumer,2025-08-27
CUST11578,Aarav Gupta,Female,37,Chhindwara,Madhya Pradesh,Small Business,2023-09-07
CUST11579,Rohan Patel,Male,52,Mysuru,Karnataka,Small Business,2025-12-16
CUST11580,Diya Sharma,Male,27,Bengaluru,Karnataka,Consumer,2023-05-04
CUST11581,Ananya Gupta,Male,40,Ahmedabad,Gujarat,Corporate,2025-05-11
CUST11582,Vivaan Deshmukh,Female,42,Kolkata,West Bengal,Consumer,2024-10-20
CUST11583,Ishaan Rao,Male,52,Noida,Uttar Pradesh,Small Business,2024-07-24
CUST11584,Diya Deshmukh,Male,50,Indore,Madhya Pradesh,Consumer,2024-07-07
CUST11585,Rohan Singh,Male,53,Lucknow,Uttar Pradesh,Consumer,2023-06-18
CUST11586,Aarav Patel,Female,50,Lucknow,Uttar Pradesh,Consumer,2023-01-23
CUST11587,Aarav Singh,Female,58,Coimbatore,Tamil Nadu,Corporate,2025-08-07
CUST11588,Aditya Verma,Other,50,Indore,Madhya Pradesh,Consumer,2023-01-02
CUST11589,Meera Rao,Male,42,Mysuru,Karnataka,Consumer,2025-09-21
CUST11590,Nisha Singh,Male,44,Coimbatore,Tamil Nadu,Consumer,2026-01-14
CUST11591,Aditya Sharma,Male,44,Udaipur,Rajasthan,Consumer,2023-06-06
CUST11592,Aarav Mehta,Male,64,Bengaluru,Karnataka,Consumer,2024-09-26
CUST11593,Diya Verma,Female,46,Mumbai,Maharashtra,Consumer,2024-04-01
CUST11594,Arjun Das,Male,49,Chhindwara,Madhya Pradesh,Consumer,2025-03-20
CUST11595,Isha Verma,Female,57,New Delhi,Delhi,Consumer,2023-06-15
CUST11596,Diya Singh,Male,58,Kolkata,West Bengal,Consumer,2025-04-21
CUST11597,Aditya Verma,Male,45,Jaipur,Rajasthan,Consumer,2026-06-11
CUST11598,Arjun Das,Female,19,Mysuru,Karnataka,Consumer,2025-05-28
CUST11599,Vivaan Deshmukh,Female,45,Coimbatore,Tamil Nadu,Consumer,2024-10-22
CUST11600,Meera Deshmukh,Female,57,Surat,Gujarat,Consumer,2024-10-20
CUST11601,Riya Deshmukh,Female,41,Mumbai,Maharashtra,Consumer,2024-10-27
CUST11602,Aditya Sharma,Male,33,Mumbai,Maharashtra,Consumer,2026-01-27
CUST11603,Kabir Sharma,Male,24,Kolkata,West Bengal,Consumer,2023-03-25
CUST11604,Diya Patel,Female,37,Surat,Gujarat,Consumer,2025-08-21
CUST11605,Ananya Sharma,Female,47,New Delhi,Delhi,Small Business,2025-08-13
CUST11606,Diya Sharma,Female,20,Kolkata,West Bengal,Consumer,2024-05-09
CUST11607,Riya Patel,Female,58,Lucknow,Uttar Pradesh,Consumer,2025-10-12
CUST11608,Meera Patel,Male,47,Jaipur,Rajasthan,Consumer,2026-05-25
CUST11609,Vivaan Deshmukh,Male,45,Bhopal,Madhya Pradesh,Consumer,2023-07-31
CUST11610,Priya Mehta,Male,64,Bhopal,Madhya Pradesh,Consumer,2023-09-16
CUST11611,Aditya Singh,Male,50,Mysuru,Karnataka,Corporate,2024-12-07
CUST11612,Kabir Gupta,Female,40,Lucknow,Uttar Pradesh,Consumer,2025-07-20
CUST11613,Isha Deshmukh,Male,36,Ahmedabad,Gujarat,Consumer,2023-08-24
CUST11614,Rohan Das,Male,27,Kolkata,West Bengal,Consumer,2025-11-16
CUST11615,Rohan Rao,Female,63,Mysuru,Karnataka,Consumer,2026-04-16
CUST11616,Priya Singh,Male,22,Coimbatore,Tamil Nadu,Consumer,2025-09-08
CUST11617,Diya Gupta,Female,22,Nagpur,Maharashtra,Consumer,2026-01-23
CUST11618,Kabir Singh,Male,19,Ahmedabad,Gujarat,Consumer,2024-07-16
CUST11619,Isha Das,Female,44,Mumbai,Maharashtra,Consumer,2026-02-03
CUST11620,Diya Jain,Female,55,New Delhi,Delhi,Consumer,2025-03-06
CUST11621,Ananya Rao,Male,44,Ahmedabad,Gujarat,Consumer,2025-11-06
CUST11622,Kabir Gupta,Male,27,Indore,Madhya Pradesh,Corporate,2024-12-06
CUST11623,Diya Patel,Female,41,Bengaluru,Karnataka,Consumer,2023-10-30
CUST11624,Vivaan Gupta,Male,42,Lucknow,Uttar Pradesh,Consumer,2023-05-13
CUST11625,Arjun Gupta,Female,29,Mysuru,Karnataka,Small Business,2024-03-02
CUST11626,Ananya Patel,Male,54,Coimbatore,Tamil Nadu,Corporate,2024-07-31
CUST11627,Ananya Sharma,Female,27,Ahmedabad,Gujarat,Consumer,2023-08-07
CUST11628,Isha Deshmukh,Female,26,Coimbatore,Tamil Nadu,Consumer,2023-08-12
CUST11629,Arjun Mehta,Female,42,Kolkata,West Bengal,Consumer,2025-09-15
CUST11630,Meera Mehta,Male,41,Bhopal,Madhya Pradesh,Consumer,2024-07-30
CUST11631,Kabir Singh,Female,22,Bengaluru,Karnataka,Corporate,2023-10-27
CUST11632,Nisha Deshmukh,Male,64,Mumbai,Maharashtra,Corporate,2023-12-24
CUST11633,Arjun Mehta,Female,21,Udaipur,Rajasthan,Consumer,2025-04-22
CUST11634,Kabir Deshmukh,Male,48,Ahmedabad,Gujarat,Consumer,2026-05-17
CUST11635,Rohan Deshmukh,Male,35,Surat,Gujarat,Small Business,2025-05-18
CUST11636,Meera Mehta,Female,29,Noida,Uttar Pradesh,Consumer,2026-06-13
CUST11637,Diya Patel,Male,46,Surat,Gujarat,Consumer,2023-08-22
CUST11638,Diya Jain,Male,26,Mysuru,Karnataka,Small Business,2025-10-15
CUST11639,Ananya Gupta,Male,35,Udaipur,Rajasthan,Consumer,2025-06-08
CUST11640,Aarav Singh,Female,51,Bhopal,Madhya Pradesh,Consumer,2024-12-12
CUST11641,Diya Jain,Female,38,Mysuru,Karnataka,Consumer,2025-05-31
CUST11642,Diya Rao,Female,55,Nagpur,Maharashtra,Corporate,2025-12-03
CUST11643,Aditya Rao,Male,43,Chennai,Tamil Nadu,Corporate,2024-01-13
CUST11644,Riya Mehta,Male,52,Ahmedabad,Gujarat,Small Business,2024-08-26
CUST11645,Diya Mehta,Female,33,Udaipur,Rajasthan,Corporate,2024-10-10
CUST11646,Ishaan Mehta,Male,39,Jaipur,Rajasthan,Consumer,2024-11-04
CUST11647,Nisha Patel,Female,29,Kolkata,West Bengal,Consumer,2023-04-11
CUST11648,Diya Gupta,Female,18,Noida,Uttar Pradesh,Consumer,2023-08-07
CUST11649,Arjun Patel,Male,32,Bhopal,Madhya Pradesh,Consumer,2024-08-29
CUST11650,Priya Sharma,Female,37,Bengaluru,Karnataka,Corporate,2024-09-05
CUST11651,Rohan Deshmukh,Female,34,Surat,Gujarat,Consumer,2025-12-16
CUST11652,Kabir Mehta,Female,31,Noida,Uttar Pradesh,Small Business,2024-03-21
CUST11653,Isha Patel,Male,24,Coimbatore,Tamil Nadu,Corporate,2023-07-29
CUST11654,Rohan Gupta,Male,43,Noida,Uttar Pradesh,Consumer,2025-10-11
CUST11655,Meera Gupta,Female,20,Bhopal,Madhya Pradesh,Consumer,2024-06-07
CUST11656,Ananya Jain,Male,25,Mumbai,Maharashtra,Corporate,2026-06-02
CUST11657,Meera Rao,Female,19,Chhindwara,Madhya Pradesh,Corporate,2024-01-12
CUST11658,Priya Verma,Other,23,Jaipur,Rajasthan,Consumer,2023-07-14
CUST11659,Rohan Gupta,Female,50,Noida,Uttar Pradesh,Consumer,2024-04-04
CUST11660,Nisha Das,Female,41,Mysuru,Karnataka,Consumer,2025-07-14
CUST11661,Aarav Rao,Female,51,New Delhi,Delhi,Consumer,2023-02-08
CUST11662,Priya Sharma,Female,63,Nagpur,Maharashtra,Consumer,2026-03-30
CUST11663,Nisha Sharma,Female,25,Bhopal,Madhya Pradesh,Corporate,2024-12-18
CUST11664,Ishaan Patel,Male,20,Chhindwara,Madhya Pradesh,Corporate,2025-06-16
CUST11665,Arjun Patel,Male,59,Ahmedabad,Gujarat,Consumer,2025-11-07
CUST11666,Arjun Jain,Female,51,Indore,Madhya Pradesh,Consumer,2025-11-21
CUST11667,Isha Gupta,Male,27,Noida,Uttar Pradesh,Small Business,2023-11-11
CUST11668,Ananya Sharma,Male,46,Mumbai,Maharashtra,Consumer,2024-12-26
CUST11669,Vivaan Singh,Male,35,Jaipur,Rajasthan,Consumer,2023-12-09
CUST11670,Rohan Deshmukh,Female,40,New Delhi,Delhi,Consumer,2024-12-04
CUST11671,Meera Deshmukh,Female,37,Mysuru,Karnataka,Consumer,2023-02-21
CUST11672,Meera Sharma,Female,61,Coimbatore,Tamil Nadu,Consumer,2024-07-02
CUST11673,Nisha Gupta,Female,53,Kolkata,West Bengal,Corporate,2023-04-17
CUST11674,Vivaan Das,Male,55,Bengaluru,Karnataka,Small Business,2025-05-03
CUST11675,Vivaan Das,Male,60,Surat,Gujarat,Consumer,2025-06-19
CUST11676,Ananya Rao,Male,47,Jaipur,Rajasthan,Corporate,2024-12-27
CUST11677,Diya Deshmukh,Female,41,Chennai,Tamil Nadu,Consumer,2023-12-29
CUST11678,Nisha Jain,Male,24,Chennai,Tamil Nadu,Corporate,2026-02-18
CUST11679,Diya Singh,Female,60,New Delhi,Delhi,Corporate,2025-05-20
CUST11680,Ananya Deshmukh,Male,60,Chhindwara,Madhya Pradesh,Small Business,2025-04-15
CUST11681,Meera Verma,Female,25,Mumbai,Maharashtra,Small Business,2024-07-03
CUST11682,Riya Jain,Female,25,Mysuru,Karnataka,Consumer,2025-04-30
CUST11683,Meera Das,Male,54,Noida,Uttar Pradesh,Consumer,2023-05-10
CUST11684,Aditya Mehta,Male,26,Surat,Gujarat,Consumer,2026-02-13
CUST11685,Aditya Patel,Male,62,Nagpur,Maharashtra,Corporate,2024-10-10
CUST11686,Ishaan Deshmukh,Female,52,New Delhi,Delhi,Consumer,2024-03-21
CUST11687,Ishaan Mehta,Female,53,Lucknow,Uttar Pradesh,Consumer,2023-02-22
CUST11688,Meera Das,Male,51,Kolkata,West Bengal,Corporate,2024-03-09
CUST11689,Meera Das,Female,50,Kolkata,West Bengal,Corporate,2025-03-26
CUST11690,Vivaan Deshmukh,Male,34,Chhindwara,Madhya Pradesh,Consumer,2025-08-24
CUST11691,Aarav Mehta,Male,44,New Delhi,Delhi,Corporate,2025-11-25
CUST11692,Aditya Singh,Female,50,Lucknow,Uttar Pradesh,Consumer,2025-06-11
CUST11693,Ishaan Patel,Male,61,Mysuru,Karnataka,Small Business,2023-02-26
CUST11694,Ishaan Mehta,Male,26,Ahmedabad,Gujarat,Consumer,2025-10-20
CUST11695,Priya Patel,Female,37,Kolkata,West Bengal,Corporate,2026-05-07
CUST11696,Ishaan Deshmukh,Female,63,Jaipur,Rajasthan,Consumer,2025-08-26
CUST11697,Ananya Gupta,Male,29,Jaipur,Rajasthan,Consumer,2026-04-18
CUST11698,Ananya Jain,Male,41,Udaipur,Rajasthan,Corporate,2026-03-10
CUST11699,Arjun Mehta,Male,40,Noida,Uttar Pradesh,Corporate,2024-08-23
CUST11700,Riya Patel,Female,25,Kolkata,West Bengal,Corporate,2023-01-05
CUST11701,Aditya Sharma,Female,54,New Delhi,Delhi,Consumer,2025-06-04
CUST11702,Kabir Deshmukh,Female,22,New Delhi,Delhi,Corporate,2024-05-01
CUST11703,Meera Singh,Other,43,Bengaluru,Karnataka,Consumer,2025-06-22
CUST11704,Aditya Singh,Male,65,Jaipur,Rajasthan,Consumer,2025-03-25
CUST11705,Priya Singh,Male,60,Udaipur,Rajasthan,Consumer,2023-08-02
CUST11706,Riya Verma,Female,18,Chhindwara,Madhya Pradesh,Consumer,2025-04-27
CUST11707,Diya Gupta,Male,27,Nagpur,Maharashtra,Consumer,2025-07-20
CUST11708,Vivaan Mehta,Female,47,Kolkata,West Bengal,Consumer,2024-10-03
CUST11709,Arjun Deshmukh,Male,21,Jaipur,Rajasthan,Corporate,2025-06-10
CUST11710,Aditya Jain,Male,18,Udaipur,Rajasthan,Small Business,2026-03-25
CUST11711,Vivaan Sharma,Female,26,Surat,Gujarat,Corporate,2025-09-19
CUST11712,Aditya Verma,Male,34,Chennai,Tamil Nadu,Corporate,2026-02-12
CUST11713,Aarav Gupta,Female,35,Chennai,Tamil Nadu,Consumer,2023-12-25
CUST11714,Diya Jain,Male,59,Indore,Madhya Pradesh,Consumer,2026-05-10
CUST11715,Diya Jain,Female,20,Bhopal,Madhya Pradesh,Small Business,2023-05-07
CUST11716,Diya Rao,Male,52,Kolkata,West Bengal,Consumer,2025-11-13
CUST11717,Rohan Gupta,Female,35,Kolkata,West Bengal,Consumer,2023-05-26
CUST11718,Kabir Sharma,Male,26,Udaipur,Rajasthan,Consumer,2023-12-26
CUST11719,Vivaan Jain,Male,47,Lucknow,Uttar Pradesh,Small Business,2023-11-14
CUST11720,Meera Verma,Female,20,Chennai,Tamil Nadu,Consumer,2025-11-20
CUST11721,Meera Singh,Female,24,Lucknow,Uttar Pradesh,Corporate,2026-01-03
CUST11722,Diya Das,Male,61,Mysuru,Karnataka,Consumer,2026-06-25
CUST11723,Priya Patel,Female,29,Jaipur,Rajasthan,Consumer,2025-12-26
CUST11724,Vivaan Mehta,Male,51,New Delhi,Delhi,Small Business,2024-09-12
CUST11725,Ananya Singh,Female,25,Coimbatore,Tamil Nadu,Consumer,2023-11-23
CUST11726,Vivaan Verma,Female,18,New Delhi,Delhi,Consumer,2025-01-27
CUST11727,Arjun Das,Male,22,Bhopal,Madhya Pradesh,Corporate,2026-03-28
CUST11728,Ishaan Singh,Male,48,Surat,Gujarat,Consumer,2024-12-19
CUST11729,Priya Das,Female,49,Nagpur,Maharashtra,Consumer,2026-05-16
CUST11730,Arjun Patel,Male,51,Udaipur,Rajasthan,Corporate,2023-09-15
CUST11731,Priya Gupta,Male,43,Noida,Uttar Pradesh,Consumer,2025-09-28
CUST11732,Aditya Patel,Female,26,Noida,Uttar Pradesh,Consumer,2023-06-28
CUST11733,Riya Mehta,Male,25,Udaipur,Rajasthan,Consumer,2025-10-21
CUST11734,Nisha Patel,Other,48,Nagpur,Maharashtra,Small Business,2025-05-16
CUST11735,Ananya Sharma,Female,31,Surat,Gujarat,Consumer,2026-06-23
CUST11736,Kabir Rao,Male,42,Noida,Uttar Pradesh,Consumer,2023-04-16
CUST11737,Meera Mehta,Female,49,New Delhi,Delhi,Small Business,2025-09-09
CUST11738,Kabir Das,Male,26,Chennai,Tamil Nadu,Corporate,2025-01-07
CUST11739,Isha Das,Female,39,Jaipur,Rajasthan,Corporate,2024-01-25
CUST11740,Nisha Patel,Other,29,Surat,Gujarat,Consumer,2023-05-17
CUST11741,Ananya Jain,Female,36,Surat,Gujarat,Consumer,2024-11-25
CUST11742,Rohan Sharma,Male,36,New Delhi,Delhi,Consumer,2025-04-07
CUST11743,Kabir Mehta,Female,24,Surat,Gujarat,Corporate,2024-11-14
CUST11744,Vivaan Jain,Male,63,Chhindwara,Madhya Pradesh,Corporate,2025-04-25
CUST11745,Ananya Sharma,Female,35,Mysuru,Karnataka,Consumer,2023-08-25
CUST11746,Ananya Verma,Male,54,Chennai,Tamil Nadu,Consumer,2024-08-16
CUST11747,Riya Mehta,Male,25,Bhopal,Madhya Pradesh,Consumer,2023-11-16
CUST11748,Ananya Verma,Female,20,Mysuru,Karnataka,Consumer,2023-12-06
CUST11749,Arjun Das,Female,43,Coimbatore,Tamil Nadu,Small Business,2023-06-12
CUST11750,Rohan Singh,Female,44,Noida,Uttar Pradesh,Consumer,2023-03-12
CUST11751,Kabir Verma,Male,23,New Delhi,Delhi,Consumer,2023-05-08
CUST11752,Vivaan Das,Male,41,Indore,Madhya Pradesh,Corporate,2023-04-26
CUST11753,Ishaan Verma,Male,35,Kolkata,West Bengal,Consumer,2023-07-12
CUST11754,Diya Das,Female,49,Surat,Gujarat,Corporate,2024-09-12
CUST11755,Ishaan Rao,Male,47,Coimbatore,Tamil Nadu,Consumer,2024-07-15
CUST11756,Arjun Singh,Male,29,Chennai,Tamil Nadu,Consumer,2025-05-21
CUST11757,Nisha Jain,Male,21,Ahmedabad,Gujarat,Consumer,2023-04-25
CUST11758,Aditya Jain,Female,25,New Delhi,Delhi,Consumer,2024-02-09
CUST11759,Riya Das,Male,56,Mumbai,Maharashtra,Small Business,2025-07-31
CUST11760,Ishaan Deshmukh,Male,37,Jaipur,Rajasthan,Consumer,2024-11-07
CUST11761,Ishaan Deshmukh,Male,61,Surat,Gujarat,Consumer,2026-04-12
CUST11762,Nisha Das,Female,29,Bhopal,Madhya Pradesh,Consumer,2025-07-09
CUST11763,Ananya Mehta,Male,36,Coimbatore,Tamil Nadu,Consumer,2023-11-07
CUST11764,Diya Das,Male,32,Udaipur,Rajasthan,Corporate,2024-07-07
CUST11765,Kabir Deshmukh,Male,65,Jaipur,Rajasthan,Consumer,2023-12-07
CUST11766,Vivaan Patel,Female,62,Mumbai,Maharashtra,Corporate,2025-03-19
CUST11767,Vivaan Singh,Male,51,Kolkata,West Bengal,Consumer,2023-10-06
CUST11768,Arjun Deshmukh,Male,27,New Delhi,Delhi,Consumer,2023-01-10
CUST11769,Isha Mehta,Male,65,Coimbatore,Tamil Nadu,Consumer,2025-05-20
CUST11770,Priya Patel,Female,53,New Delhi,Delhi,Consumer,2026-04-04
CUST11771,Riya Patel,Female,44,New Delhi,Delhi,Corporate,2025-07-27
CUST11772,Ishaan Verma,Male,21,Jaipur,Rajasthan,Consumer,2023-05-21
CUST11773,Vivaan Deshmukh,Male,55,Bengaluru,Karnataka,Consumer,2024-09-13
CUST11774,Rohan Jain,Female,44,Coimbatore,Tamil Nadu,Corporate,2024-11-07
CUST11775,Aditya Deshmukh,Female,30,Chhindwara,Madhya Pradesh,Consumer,2026-05-18
CUST11776,Ananya Verma,Male,19,Mysuru,Karnataka,Corporate,2026-02-24
CUST11777,Rohan Patel,Male,53,Mumbai,Maharashtra,Consumer,2025-08-17
CUST11778,Priya Deshmukh,Male,31,Coimbatore,Tamil Nadu,Consumer,2025-11-26
CUST11779,Nisha Sharma,Other,24,New Delhi,Delhi,Consumer,2024-09-30
CUST11780,Aditya Mehta,Male,63,Mysuru,Karnataka,Small Business,2023-05-14
CUST11781,Diya Verma,Female,59,New Delhi,Delhi,Consumer,2026-06-26
CUST11782,Aditya Mehta,Female,35,Surat,Gujarat,Consumer,2024-12-08
CUST11783,Arjun Deshmukh,Male,33,Mysuru,Karnataka,Corporate,2023-02-14
CUST11784,Ananya Singh,Male,32,New Delhi,Delhi,Corporate,2024-12-03
CUST11785,Diya Singh,Female,22,Bhopal,Madhya Pradesh,Corporate,2026-05-16
CUST11786,Riya Sharma,Male,26,Bengaluru,Karnataka,Consumer,2024-07-18
CUST11787,Kabir Deshmukh,Male,43,Pune,Maharashtra,Consumer,2026-03-26
CUST11788,Ananya Jain,Female,43,New Delhi,Delhi,Consumer,2024-05-11
CUST11789,Aarav Rao,Male,64,Kolkata,West Bengal,Consumer,2023-02-27
CUST11790,Kabir Jain,Female,19,Kolkata,West Bengal,Consumer,2025-05-25
CUST11791,Ananya Verma,Male,23,Noida,Uttar Pradesh,Consumer,2025-01-20
CUST11792,Diya Jain,Male,58,Jaipur,Rajasthan,Small Business,2026-01-08
CUST11793,Kabir Gupta,Male,33,Surat,Gujarat,Consumer,2026-03-28
CUST11794,Aarav Mehta,Male,43,Coimbatore,Tamil Nadu,Consumer,2024-10-16
CUST11795,Riya Verma,Female,19,Ahmedabad,Gujarat,Corporate,2026-06-30
CUST11796,Aarav Singh,Male,27,Kolkata,West Bengal,Corporate,2026-06-21
CUST11797,Vivaan Jain,Male,49,Chennai,Tamil Nadu,Consumer,2025-07-04
CUST11798,Nisha Deshmukh,Male,57,Noida,Uttar Pradesh,Consumer,2023-06-25
CUST11799,Rohan Singh,Male,25,Surat,Gujarat,Consumer,2026-03-01
CUST11800,Meera Singh,Male,33,Chennai,Tamil Nadu,Consumer,2026-01-16
CUST11801,Arjun Das,Female,32,Indore,Madhya Pradesh,Consumer,2023-01-03
CUST11802,Ananya Jain,Female,18,Lucknow,Uttar Pradesh,Small Business,2023-07-29
CUST11803,Meera Verma,Female,45,New Delhi,Delhi,Consumer,2025-07-10
CUST11804,Priya Gupta,Female,22,New Delhi,Delhi,Small Business,2025-12-12
CUST11805,Ishaan Mehta,Female,52,Kolkata,West Bengal,Consumer,2023-04-13
CUST11806,Arjun Singh,Male,35,Chennai,Tamil Nadu,Consumer,2023-11-24
CUST11807,Rohan Deshmukh,Female,33,Bengaluru,Karnataka,Corporate,2024-09-11
CUST11808,Isha Mehta,Male,18,Lucknow,Uttar Pradesh,Consumer,2023-11-28
CUST11809,Priya Jain,Female,54,Noida,Uttar Pradesh,Consumer,2023-12-26
CUST11810,Priya Singh,Male,48,Mysuru,Karnataka,Corporate,2024-11-21
CUST11811,Priya Gupta,Female,30,Bengaluru,Karnataka,Corporate,2025-11-08
CUST11812,Diya Das,Female,64,Jaipur,Rajasthan,Consumer,2023-04-06
CUST11813,Rohan Das,Female,26,Chennai,Tamil Nadu,Consumer,2025-03-09
CUST11814,Diya Mehta,Female,28,Chennai,Tamil Nadu,Consumer,2023-07-17
CUST11815,Ananya Jain,Male,41,Indore,Madhya Pradesh,Consumer,2024-05-04
CUST11816,Nisha Rao,Female,44,Nagpur,Maharashtra,Consumer,2025-05-23
CUST11817,Vivaan Singh,Female,21,Jaipur,Rajasthan,Consumer,2023-11-12
CUST11818,Ishaan Singh,Male,47,Noida,Uttar Pradesh,Small Business,2025-04-21
CUST11819,Priya Patel,Female,57,Pune,Maharashtra,Small Business,2026-04-26
CUST11820,Rohan Gupta,Female,63,Lucknow,Uttar Pradesh,Consumer,2023-04-20
CUST11821,Priya Rao,Female,19,Udaipur,Rajasthan,Consumer,2025-01-02
CUST11822,Aditya Patel,Female,55,Lucknow,Uttar Pradesh,Small Business,2025-10-05
CUST11823,Aarav Das,Male,50,Kolkata,West Bengal,Corporate,2025-03-03
CUST11824,Isha Jain,Female,50,Chhindwara,Madhya Pradesh,Consumer,2023-02-24
CUST11825,Priya Sharma,Female,57,New Delhi,Delhi,Consumer,2024-10-14
CUST11826,Isha Sharma,Male,38,Lucknow,Uttar Pradesh,Consumer,2025-01-09
CUST11827,Aditya Verma,Male,20,Noida,Uttar Pradesh,Consumer,2025-09-15
CUST11828,Isha Jain,Male,58,New Delhi,Delhi,Consumer,2023-11-19
CUST11829,Priya Rao,Female,58,Chhindwara,Madhya Pradesh,Corporate,2025-06-24
CUST11830,Ananya Das,Female,62,Surat,Gujarat,Consumer,2024-08-08
CUST11831,Priya Rao,Male,52,Mysuru,Karnataka,Consumer,2023-12-25
CUST11832,Riya Mehta,Male,59,Udaipur,Rajasthan,Consumer,2026-01-17
CUST11833,Rohan Mehta,Male,22,Chennai,Tamil Nadu,Consumer,2023-06-26
CUST11834,Aarav Jain,Male,43,Kolkata,West Bengal,Consumer,2026-03-06
CUST11835,Aarav Rao,Female,19,New Delhi,Delhi,Consumer,2024-08-11
CUST11836,Rohan Patel,Male,34,Jaipur,Rajasthan,Consumer,2025-09-01
CUST11837,Riya Jain,Female,55,Noida,Uttar Pradesh,Small Business,2025-04-22
CUST11838,Riya Singh,Male,43,Kolkata,West Bengal,Consumer,2024-07-15
CUST11839,Arjun Verma,Male,48,New Delhi,Delhi,Consumer,2023-04-20
CUST11840,Vivaan Das,Female,57,Mysuru,Karnataka,Consumer,2023-08-07
CUST11841,Kabir Sharma,Female,45,Ahmedabad,Gujarat,Small Business,2026-03-02
CUST11842,Diya Patel,Male,52,Jaipur,Rajasthan,Small Business,2023-02-15
CUST11843,Meera Das,Female,56,Jaipur,Rajasthan,Consumer,2025-02-28
CUST11844,Aditya Patel,Female,62,Udaipur,Rajasthan,Corporate,2025-04-18
CUST11845,Kabir Patel,Male,24,Mysuru,Karnataka,Consumer,2025-12-17
CUST11846,Vivaan Deshmukh,Female,64,Surat,Gujarat,Consumer,2023-06-16
CUST11847,Nisha Sharma,Male,52,Noida,Uttar Pradesh,Consumer,2025-03-03
CUST11848,Ishaan Verma,Female,62,Coimbatore,Tamil Nadu,Consumer,2024-02-07
CUST11849,Isha Singh,Female,61,Coimbatore,Tamil Nadu,Consumer,2025-06-08
CUST11850,Riya Singh,Female,27,Bhopal,Madhya Pradesh,Small Business,2024-12-21
CUST11851,Isha Mehta,Female,41,Chennai,Tamil Nadu,Consumer,2025-11-06
CUST11852,Rohan Patel,Male,29,Jaipur,Rajasthan,Consumer,2024-12-15
CUST11853,Aditya Rao,Male,64,Pune,Maharashtra,Consumer,2023-05-29
CUST11854,Ananya Das,Male,29,Surat,Gujarat,Consumer,2023-09-26
CUST11855,Priya Rao,Female,34,Jaipur,Rajasthan,Corporate,2024-06-24
CUST11856,Diya Patel,Male,37,Kolkata,West Bengal,Consumer,2026-04-06
CUST11857,Arjun Patel,Female,50,Kolkata,West Bengal,Consumer,2023-09-05
CUST11858,Vivaan Verma,Female,58,Ahmedabad,Gujarat,Consumer,2023-02-06
CUST11859,Arjun Mehta,Female,59,Indore,Madhya Pradesh,Corporate,2026-01-19
CUST11860,Riya Sharma,Male,29,Chennai,Tamil Nadu,Consumer,2025-10-05
CUST11861,Meera Patel,Female,55,Coimbatore,Tamil Nadu,Consumer,2025-09-04
CUST11862,Ananya Sharma,Female,30,Noida,Uttar Pradesh,Corporate,2024-09-15
CUST11863,Ishaan Rao,Female,36,New Delhi,Delhi,Consumer,2025-09-22
CUST11864,Arjun Rao,Male,49,Ahmedabad,Gujarat,Consumer,2025-06-29
CUST11865,Arjun Gupta,Male,34,Mumbai,Maharashtra,Corporate,2025-06-07
CUST11866,Diya Das,Female,63,Udaipur,Rajasthan,Consumer,2023-06-29
CUST11867,Meera Sharma,Other,33,Pune,Maharashtra,Consumer,2025-06-07
CUST11868,Isha Rao,Male,42,New Delhi,Delhi,Corporate,2025-12-26
CUST11869,Diya Patel,Female,21,Noida,Uttar Pradesh,Small Business,2023-06-27
CUST11870,Priya Patel,Female,39,Udaipur,Rajasthan,Small Business,2024-04-11
CUST11871,Riya Mehta,Male,65,Coimbatore,Tamil Nadu,Consumer,2023-05-09
CUST11872,Ananya Gupta,Male,43,New Delhi,Delhi,Consumer,2023-07-19
CUST11873,Isha Sharma,Female,38,Udaipur,Rajasthan,Consumer,2023-05-11
CUST11874,Isha Sharma,Female,62,Jaipur,Rajasthan,Small Business,2023-11-29
CUST11875,Ananya Gupta,Male,20,Bengaluru,Karnataka,Consumer,2025-08-29
CUST11876,Rohan Gupta,Female,22,New Delhi,Delhi,Consumer,2025-07-26
CUST11877,Ishaan Patel,Male,37,Kolkata,West Bengal,Corporate,2026-01-28
CUST11878,Rohan Gupta,Female,54,Udaipur,Rajasthan,Consumer,2023-09-28
CUST11879,Diya Gupta,Male,31,New Delhi,Delhi,Consumer,2024-08-10
CUST11880,Meera Das,Male,55,Lucknow,Uttar Pradesh,Small Business,2025-10-30
CUST11881,Priya Sharma,Male,37,New Delhi,Delhi,Consumer,2024-03-09
CUST11882,Ananya Das,Male,33,Kolkata,West Bengal,Consumer,2023-08-09
CUST11883,Riya Mehta,Female,43,New Delhi,Delhi,Consumer,2025-12-10
CUST11884,Isha Deshmukh,Female,41,Noida,Uttar Pradesh,Corporate,2025-08-28
CUST11885,Rohan Gupta,Female,37,New Delhi,Delhi,Consumer,2026-01-10
CUST11886,Ananya Mehta,Female,56,Udaipur,Rajasthan,Corporate,2025-03-30
CUST11887,Arjun Singh,Female,50,Bengaluru,Karnataka,Consumer,2023-03-10
CUST11888,Priya Verma,Male,52,Nagpur,Maharashtra,Corporate,2023-06-24
CUST11889,Meera Verma,Male,42,Chhindwara,Madhya Pradesh,Small Business,2023-02-18
CUST11890,Rohan Patel,Male,20,Pune,Maharashtra,Consumer,2023-01-15
CUST11891,Aarav Verma,Female,38,Kolkata,West Bengal,Consumer,2024-04-07
CUST11892,Kabir Singh,Male,22,Mysuru,Karnataka,Consumer,2025-12-19
CUST11893,Kabir Deshmukh,Male,41,Chhindwara,Madhya Pradesh,Consumer,2025-09-16
CUST11894,Nisha Sharma,Male,42,Nagpur,Maharashtra,Consumer,2025-06-06
CUST11895,Isha Gupta,Male,51,Bengaluru,Karnataka,Consumer,2026-06-19
CUST11896,Ananya Mehta,Female,47,Noida,Uttar Pradesh,Consumer,2024-08-15
CUST11897,Meera Rao,Female,55,New Delhi,Delhi,Consumer,2024-06-20
CUST11898,Arjun Deshmukh,Male,24,Bhopal,Madhya Pradesh,Consumer,2026-04-24
CUST11899,Ishaan Mehta,Female,64,Bengaluru,Karnataka,Consumer,2026-03-06
CUST11900,Rohan Rao,Male,21,Kolkata,West Bengal,Corporate,2023-02-01
CUST11901,Riya Gupta,Female,19,Ahmedabad,Gujarat,Consumer,2025-10-30
CUST11902,Kabir Verma,Male,54,Mysuru,Karnataka,Corporate,2024-09-01
CUST11903,Nisha Patel,Male,65,Udaipur,Rajasthan,Consumer,2024-04-05
CUST11904,Nisha Mehta,Female,41,Mysuru,Karnataka,Consumer,2023-01-19
CUST11905,Priya Singh,Female,52,Mysuru,Karnataka,Consumer,2023-01-05
CUST11906,Ananya Gupta,Female,25,Surat,Gujarat,Corporate,2026-04-12
CUST11907,Isha Jain,Male,42,Chennai,Tamil Nadu,Consumer,2024-09-02
CUST11908,Vivaan Deshmukh,Female,51,Bhopal,Madhya Pradesh,Consumer,2025-02-19
CUST11909,Nisha Deshmukh,Female,20,Noida,Uttar Pradesh,Consumer,2023-03-30
CUST11910,Vivaan Rao,Male,63,New Delhi,Delhi,Consumer,2023-08-16
CUST11911,Meera Verma,Female,20,Pune,Maharashtra,Small Business,2025-05-19
CUST11912,Diya Patel,Male,18,New Delhi,Delhi,Consumer,2023-02-20
CUST11913,Aditya Patel,Female,23,Mysuru,Karnataka,Consumer,2024-03-11
CUST11914,Nisha Jain,Female,51,Chhindwara,Madhya Pradesh,Corporate,2026-03-10
CUST11915,Riya Sharma,Male,44,Noida,Uttar Pradesh,Corporate,2025-02-25
CUST11916,Nisha Deshmukh,Male,62,Noida,Uttar Pradesh,Consumer,2025-04-28
CUST11917,Arjun Gupta,Female,46,Bhopal,Madhya Pradesh,Small Business,2026-04-10
CUST11918,Diya Mehta,Female,62,New Delhi,Delhi,Consumer,2025-02-04
CUST11919,Nisha Verma,Female,40,Jaipur,Rajasthan,Consumer,2025-10-11
CUST11920,Meera Jain,Female,65,New Delhi,Delhi,Small Business,2025-03-08
CUST11921,Ananya Deshmukh,Female,37,Chennai,Tamil Nadu,Consumer,2026-01-03
CUST11922,Isha Singh,Female,27,Jaipur,Rajasthan,Consumer,2025-07-04
CUST11923,Riya Sharma,Female,65,Chhindwara,Madhya Pradesh,Corporate,2023-03-27
CUST11924,Priya Das,Male,41,Chhindwara,Madhya Pradesh,Corporate,2023-06-24
CUST11925,Rohan Gupta,Male,40,Kolkata,West Bengal,Consumer,2023-03-28
CUST11926,Ishaan Singh,Male,30,Kolkata,West Bengal,Consumer,2023-12-06
CUST11927,Rohan Mehta,Female,65,Mysuru,Karnataka,Consumer,2026-03-20
CUST11928,Ishaan Mehta,Male,22,Udaipur,Rajasthan,Corporate,2025-01-07
CUST11929,Riya Mehta,Female,49,New Delhi,Delhi,Corporate,2023-11-30
CUST11930,Aarav Jain,Female,32,Chennai,Tamil Nadu,Consumer,2024-08-10
CUST11931,Aditya Deshmukh,Female,30,New Delhi,Delhi,Consumer,2024-09-15
CUST11932,Kabir Jain,Female,23,Pune,Maharashtra,Consumer,2025-11-25
CUST11933,Priya Rao,Female,38,Coimbatore,Tamil Nadu,Consumer,2025-05-12
CUST11934,Priya Rao,Female,32,Nagpur,Maharashtra,Consumer,2026-04-03
CUST11935,Nisha Patel,Male,41,Kolkata,West Bengal,Consumer,2023-11-28
CUST11936,Ananya Singh,Female,35,Udaipur,Rajasthan,Consumer,2024-11-18
CUST11937,Aditya Das,Female,31,Bhopal,Madhya Pradesh,Corporate,2024-09-06
CUST11938,Rohan Patel,Female,19,Kolkata,West Bengal,Consumer,2025-10-26
CUST11939,Kabir Sharma,Female,19,Coimbatore,Tamil Nadu,Consumer,2024-04-12
CUST11940,Isha Gupta,Male,38,Surat,Gujarat,Corporate,2026-01-31
CUST11941,Meera Gupta,Male,26,Noida,Uttar Pradesh,Consumer,2025-06-08
CUST11942,Meera Patel,Male,56,Noida,Uttar Pradesh,Consumer,2023-03-22
CUST11943,Riya Mehta,Male,29,Chennai,Tamil Nadu,Consumer,2023-02-18
CUST11944,Arjun Gupta,Female,64,Kolkata,West Bengal,Consumer,2025-11-20
CUST11945,Priya Rao,Female,43,Mysuru,Karnataka,Corporate,2024-06-03
CUST11946,Isha Patel,Female,44,Mumbai,Maharashtra,Corporate,2025-12-11
CUST11947,Meera Gupta,Male,21,Mumbai,Maharashtra,Consumer,2026-01-21
CUST11948,Kabir Das,Male,65,Bengaluru,Karnataka,Small Business,2025-07-04
CUST11949,Arjun Patel,Female,40,Mysuru,Karnataka,Consumer,2025-08-06
CUST11950,Riya Gupta,Female,31,Chennai,Tamil Nadu,Consumer,2026-02-02
CUST11951,Rohan Rao,Female,62,Bengaluru,Karnataka,Consumer,2025-03-19
CUST11952,Diya Patel,Female,64,Pune,Maharashtra,Consumer,2025-06-01
CUST11953,Meera Deshmukh,Female,47,Lucknow,Uttar Pradesh,Small Business,2024-03-08
CUST11954,Ananya Rao,Female,37,Kolkata,West Bengal,Corporate,2024-07-19
CUST11955,Ananya Rao,Other,19,Surat,Gujarat,Consumer,2024-06-25
CUST11956,Ananya Patel,Female,34,New Delhi,Delhi,Small Business,2026-02-17
CUST11957,Diya Patel,Female,47,Noida,Uttar Pradesh,Consumer,2026-01-01
CUST11958,Riya Singh,Male,23,Ahmedabad,Gujarat,Corporate,2023-06-01
CUST11959,Nisha Gupta,Male,19,Jaipur,Rajasthan,Consumer,2023-01-08
CUST11960,Nisha Das,Female,18,Ahmedabad,Gujarat,Consumer,2025-04-06
CUST11961,Rohan Gupta,Female,24,Kolkata,West Bengal,Consumer,2023-07-14
CUST11962,Ishaan Das,Male,29,New Delhi,Delhi,Consumer,2024-07-26
CUST11963,Nisha Singh,Female,43,Chennai,Tamil Nadu,Corporate,2024-07-22
CUST11964,Isha Verma,Female,52,Lucknow,Uttar Pradesh,Consumer,2024-06-25
CUST11965,Priya Patel,Female,45,Lucknow,Uttar Pradesh,Consumer,2024-05-16
CUST11966,Diya Deshmukh,Male,37,Udaipur,Rajasthan,Corporate,2026-03-16
CUST11967,Priya Das,Female,58,Pune,Maharashtra,Consumer,2024-02-05
CUST11968,Ananya Sharma,Other,61,Mysuru,Karnataka,Consumer,2023-02-24
CUST11969,Vivaan Verma,Female,23,Mumbai,Maharashtra,Corporate,2025-11-05
CUST11970,Riya Patel,Female,55,Lucknow,Uttar Pradesh,Consumer,2026-02-23
CUST11971,Vivaan Sharma,Female,31,Udaipur,Rajasthan,Consumer,2023-03-17
CUST11972,Diya Singh,Female,49,Coimbatore,Tamil Nadu,Corporate,2024-04-14
CUST11973,Riya Gupta,Female,65,Udaipur,Rajasthan,Consumer,2023-01-02
CUST11974,Nisha Singh,Male,28,New Delhi,Delhi,Consumer,2024-06-09
CUST11975,Rohan Deshmukh,Male,48,Bhopal,Madhya Pradesh,Consumer,2025-11-23
CUST11976,Vivaan Mehta,Male,42,Ahmedabad,Gujarat,Consumer,2024-11-08
CUST11977,Kabir Gupta,Female,63,Ahmedabad,Gujarat,Small Business,2025-01-20
CUST11978,Nisha Gupta,Male,33,Lucknow,Uttar Pradesh,Consumer,2024-04-08
CUST11979,Vivaan Singh,Female,34,Indore,Madhya Pradesh,Consumer,2025-01-16
CUST11980,Priya Patel,Female,58,Nagpur,Maharashtra,Small Business,2023-01-01
CUST11981,Isha Patel,Male,38,Lucknow,Uttar Pradesh,Consumer,2023-08-16
CUST11982,Arjun Gupta,Female,61,Mumbai,Maharashtra,Consumer,2023-12-31
CUST11983,Riya Das,Male,18,Bhopal,Madhya Pradesh,Consumer,2026-06-10
CUST11984,Arjun Mehta,Male,59,Coimbatore,Tamil Nadu,Consumer,2024-10-22
CUST11985,Isha Sharma,Male,24,Nagpur,Maharashtra,Consumer,2025-12-27
CUST11986,Isha Mehta,Female,48,Chennai,Tamil Nadu,Consumer,2023-01-06
CUST11987,Meera Mehta,Female,55,Kolkata,West Bengal,Corporate,2025-12-03
CUST11988,Riya Patel,Male,22,Chennai,Tamil Nadu,Consumer,2023-11-10
CUST11989,Riya Deshmukh,Male,29,Nagpur,Maharashtra,Consumer,2023-01-27
CUST11990,Rohan Jain,Female,21,Noida,Uttar Pradesh,Small Business,2025-05-03
CUST11991,Diya Das,Other,19,Kolkata,West Bengal,Consumer,2026-03-09
CUST11992,Diya Singh,Female,20,Pune,Maharashtra,Consumer,2025-11-10
CUST11993,Diya Singh,Male,44,Nagpur,Maharashtra,Consumer,2023-03-11
CUST11994,Aditya Verma,Male,39,Coimbatore,Tamil Nadu,Consumer,2025-09-27
CUST11995,Priya Jain,Male,61,Indore,Madhya Pradesh,Small Business,2025-08-11
CUST11996,Isha Singh,Male,45,Mysuru,Karnataka,Consumer,2024-02-19
CUST11997,Isha Mehta,Female,40,Ahmedabad,Gujarat,Consumer,2024-10-17
CUST11998,Meera Deshmukh,Male,53,Noida,Uttar Pradesh,Small Business,2024-06-17
CUST11999,Riya Singh,Male,25,Coimbatore,Tamil Nadu,Consumer,2023-02-17
CUST12000,Aarav Singh,Male,37,Udaipur,Rajasthan,Small Business,2023-02-19
CUST12001,Diya Rao,Female,65,Noida,Uttar Pradesh,Corporate,2026-03-04
CUST12002,Riya Deshmukh,Other,53,New Delhi,Delhi,Corporate,2024-01-19
CUST12003,Aditya Verma,Female,52,Kolkata,West Bengal,Consumer,2024-08-08
CUST12004,Aditya Singh,Female,61,New Delhi,Delhi,Consumer,2026-02-07
CUST12005,Diya Sharma,Male,54,Udaipur,Rajasthan,Consumer,2024-02-01
CUST12006,Ananya Gupta,Male,44,Udaipur,Rajasthan,Consumer,2023-12-21
CUST12007,Riya Das,Female,36,Kolkata,West Bengal,Consumer,2025-06-05
CUST12008,Vivaan Gupta,Female,23,Mysuru,Karnataka,Consumer,2023-07-07
CUST12009,Arjun Mehta,Female,55,New Delhi,Delhi,Consumer,2024-02-16
CUST12010,Isha Das,Male,58,Pune,Maharashtra,Corporate,2023-07-16
CUST12011,Ananya Gupta,Male,25,Kolkata,West Bengal,Consumer,2025-08-25
CUST12012,Arjun Deshmukh,Other,62,Nagpur,Maharashtra,Consumer,2023-11-03
CUST12013,Nisha Singh,Female,49,Chhindwara,Madhya Pradesh,Corporate,2024-04-13
CUST12014,Priya Verma,Female,45,Lucknow,Uttar Pradesh,Consumer,2024-06-23
CUST12015,Rohan Sharma,Male,35,Indore,Madhya Pradesh,Consumer,2025-09-23
CUST12016,Priya Verma,Female,57,Surat,Gujarat,Consumer,2023-08-28
CUST12017,Meera Rao,Female,35,Bengaluru,Karnataka,Consumer,2023-03-23
CUST12018,Riya Sharma,Male,37,New Delhi,Delhi,Consumer,2025-02-02
CUST12019,Riya Jain,Male,37,Pune,Maharashtra,Corporate,2024-08-03
CUST12020,Aditya Rao,Male,19,Indore,Madhya Pradesh,Consumer,2023-12-17
CUST12021,Aditya Singh,Female,27,Chennai,Tamil Nadu,Consumer,2023-10-12
CUST12022,Rohan Sharma,Male,28,Indore,Madhya Pradesh,Consumer,2023-07-17
CUST12023,Riya Gupta,Female,57,New Delhi,Delhi,Consumer,2024-11-14
CUST12024,Diya Jain,Female,19,Mysuru,Karnataka,Consumer,2026-01-17
CUST12025,Ananya Deshmukh,Male,63,Coimbatore,Tamil Nadu,Consumer,2025-03-19
CUST12026,Nisha Das,Male,54,Mysuru,Karnataka,Consumer,2023-07-12
CUST12027,Arjun Sharma,Female,42,Bhopal,Madhya Pradesh,Consumer,2025-02-04
CUST12028,Aditya Jain,Male,60,Udaipur,Rajasthan,Consumer,2026-06-08
CUST12029,Ishaan Jain,Female,45,New Delhi,Delhi,Small Business,2025-10-16
CUST12030,Ishaan Mehta,Female,19,Pune,Maharashtra,Small Business,2024-08-15
CUST12031,Aditya Jain,Male,28,Mysuru,Karnataka,Small Business,2024-04-23
CUST12032,Kabir Singh,Female,37,New Delhi,Delhi,Consumer,2023-08-02
CUST12033,Priya Deshmukh,Male,65,Ahmedabad,Gujarat,Consumer,2025-05-17
CUST12034,Isha Deshmukh,Male,58,Noida,Uttar Pradesh,Consumer,2024-02-09
CUST12035,Kabir Gupta,Male,59,Mysuru,Karnataka,Consumer,2025-06-27
CUST12036,Ananya Rao,Female,25,Surat,Gujarat,Consumer,2025-12-16
CUST12037,Aditya Deshmukh,Male,47,Mysuru,Karnataka,Corporate,2025-07-14
CUST12038,Kabir Singh,Male,20,Kolkata,West Bengal,Consumer,2023-05-28
CUST12039,Aarav Jain,Male,57,Pune,Maharashtra,Small Business,2026-02-15
CUST12040,Meera Das,Female,21,Indore,Madhya Pradesh,Consumer,2025-01-21
CUST12041,Isha Verma,Male,25,Bengaluru,Karnataka,Consumer,2025-04-27
CUST12042,Riya Deshmukh,Male,23,New Delhi,Delhi,Consumer,2025-01-01
CUST12043,Diya Verma,Female,27,Mysuru,Karnataka,Consumer,2024-07-22
CUST12044,Ananya Gupta,Female,57,Surat,Gujarat,Corporate,2023-09-30
CUST12045,Kabir Gupta,Female,36,Jaipur,Rajasthan,Consumer,2023-07-20
CUST12046,Priya Rao,Male,65,Coimbatore,Tamil Nadu,Corporate,2023-03-12
CUST12047,Ananya Gupta,Female,51,New Delhi,Delhi,Small Business,2023-10-13
CUST12048,Ishaan Rao,Female,44,Surat,Gujarat,Consumer,2024-11-19
CUST12049,Priya Mehta,Male,60,Kolkata,West Bengal,Consumer,2025-12-22
CUST12050,Ishaan Rao,Male,36,Chhindwara,Madhya Pradesh,Consumer,2023-12-15
CUST12051,Isha Patel,Male,62,Pune,Maharashtra,Consumer,2025-05-10
CUST12052,Aarav Mehta,Female,20,Kolkata,West Bengal,Corporate,2023-02-06
CUST12053,Arjun Mehta,Male,26,Coimbatore,Tamil Nadu,Consumer,2025-06-05
CUST12054,Ananya Rao,Male,48,Mysuru,Karnataka,Consumer,2026-05-26
CUST12055,Isha Deshmukh,Male,45,Kolkata,West Bengal,Consumer,2026-04-11
CUST12056,Arjun Sharma,Female,28,Mumbai,Maharashtra,Consumer,2025-09-04
CUST12057,Ishaan Mehta,Other,32,Surat,Gujarat,Small Business,2025-08-12
CUST12058,Diya Deshmukh,Male,62,Kolkata,West Bengal,Consumer,2025-11-27
CUST12059,Aarav Deshmukh,Male,27,Indore,Madhya Pradesh,Consumer,2023-11-20
CUST12060,Priya Rao,Male,59,Udaipur,Rajasthan,Small Business,2023-08-07
CUST12061,Aarav Sharma,Female,58,Surat,Gujarat,Consumer,2025-07-01
CUST12062,Aarav Gupta,Female,59,Mysuru,Karnataka,Consumer,2023-04-15
CUST12063,Nisha Deshmukh,Female,36,Chhindwara,Madhya Pradesh,Consumer,2023-01-10
CUST12064,Priya Deshmukh,Female,39,Kolkata,West Bengal,Consumer,2024-08-12
CUST12065,Isha Singh,Female,25,Lucknow,Uttar Pradesh,Consumer,2023-02-24
CUST12066,Riya Rao,Male,20,Chhindwara,Madhya Pradesh,Small Business,2025-11-22
CUST12067,Ishaan Mehta,Female,46,Bhopal,Madhya Pradesh,Consumer,2024-01-25
CUST12068,Arjun Mehta,Male,35,Surat,Gujarat,Corporate,2023-04-08
CUST12069,Ananya Rao,Female,29,Lucknow,Uttar Pradesh,Consumer,2025-12-09
CUST12070,Meera Gupta,Male,29,Pune,Maharashtra,Corporate,2023-03-26
CUST12071,Rohan Mehta,Female,58,Bengaluru,Karnataka,Consumer,2024-07-06
CUST12072,Priya Verma,Female,50,Surat,Gujarat,Consumer,2024-07-11
CUST12073,Diya Singh,Female,56,Pune,Maharashtra,Small Business,2026-04-03
CUST12074,Riya Deshmukh,Male,56,Surat,Gujarat,Consumer,2024-09-24
CUST12075,Arjun Singh,Male,36,Jaipur,Rajasthan,Consumer,2023-04-23
CUST12076,Nisha Das,Male,48,Lucknow,Uttar Pradesh,Consumer,2024-09-09
CUST12077,Aditya Verma,Male,61,Udaipur,Rajasthan,Consumer,2024-09-26
CUST12078,Kabir Sharma,Female,35,Chhindwara,Madhya Pradesh,Consumer,2025-07-07
CUST12079,Ananya Sharma,Female,53,New Delhi,Delhi,Consumer,2024-07-20
CUST12080,Nisha Verma,Female,53,Lucknow,Uttar Pradesh,Consumer,2023-12-10
CUST12081,Aditya Das,Female,50,Kolkata,West Bengal,Consumer,2025-10-20
CUST12082,Ananya Gupta,Male,53,Surat,Gujarat,Consumer,2023-05-04
CUST12083,Rohan Gupta,Female,49,Noida,Uttar Pradesh,Consumer,2023-03-14
CUST12084,Vivaan Das,Female,41,Coimbatore,Tamil Nadu,Consumer,2025-09-28
CUST12085,Nisha Singh,Female,21,Coimbatore,Tamil Nadu,Consumer,2023-02-11
CUST12086,Aarav Gupta,Female,37,Pune,Maharashtra,Consumer,2025-07-03
CUST12087,Aarav Rao,Male,41,New Delhi,Delhi,Consumer,2023-05-21
CUST12088,Isha Jain,Female,22,Lucknow,Uttar Pradesh,Corporate,2023-08-08
CUST12089,Aarav Mehta,Male,33,Kolkata,West Bengal,Corporate,2025-10-17
CUST12090,Kabir Das,Male,42,Chhindwara,Madhya Pradesh,Consumer,2023-08-17
CUST12091,Isha Gupta,Female,54,Indore,Madhya Pradesh,Small Business,2025-12-16
CUST12092,Riya Gupta,Female,18,Coimbatore,Tamil Nadu,Small Business,2023-10-15
CUST12093,Nisha Gupta,Male,29,Lucknow,Uttar Pradesh,Consumer,2025-10-10
CUST12094,Aditya Deshmukh,Male,43,Jaipur,Rajasthan,Consumer,2023-09-23
CUST12095,Ananya Das,Male,37,Indore,Madhya Pradesh,Consumer,2023-04-17
CUST12096,Riya Das,Female,27,Indore,Madhya Pradesh,Corporate,2025-11-21
CUST12097,Ananya Patel,Male,23,New Delhi,Delhi,Consumer,2026-01-23
CUST12098,Riya Patel,Male,64,Jaipur,Rajasthan,Consumer,2023-04-02
CUST12099,Priya Verma,Male,53,Jaipur,Rajasthan,Corporate,2023-08-12
CUST12100,Aditya Patel,Female,59,New Delhi,Delhi,Consumer,2023-12-06
CUST12101,Ishaan Patel,Male,62,Udaipur,Rajasthan,Consumer,2025-11-20
CUST12102,Arjun Mehta,Male,65,Kolkata,West Bengal,Consumer,2024-11-07
CUST12103,Priya Singh,Female,50,Jaipur,Rajasthan,Corporate,2024-01-18
CUST12104,Aditya Verma,Male,49,New Delhi,Delhi,Consumer,2025-08-18
CUST12105,Isha Singh,Female,53,Mumbai,Maharashtra,Consumer,2024-03-13
CUST12106,Meera Singh,Female,55,New Delhi,Delhi,Consumer,2026-04-30
CUST12107,Nisha Patel,Male,20,Pune,Maharashtra,Corporate,2026-04-14
CUST12108,Aarav Deshmukh,Male,39,Pune,Maharashtra,Consumer,2023-07-06
CUST12109,Arjun Das,Male,43,Kolkata,West Bengal,Corporate,2024-01-04
CUST12110,Diya Deshmukh,Male,31,Bengaluru,Karnataka,Corporate,2026-05-18
CUST12111,Priya Singh,Male,59,Kolkata,West Bengal,Consumer,2024-01-09
CUST12112,Riya Singh,Male,39,Mysuru,Karnataka,Consumer,2023-05-17
CUST12113,Arjun Jain,Female,53,Bengaluru,Karnataka,Corporate,2024-10-27
CUST12114,Arjun Mehta,Female,19,Mysuru,Karnataka,Consumer,2026-05-11
CUST12115,Aarav Gupta,Female,37,Lucknow,Uttar Pradesh,Corporate,2024-04-10
CUST12116,Nisha Gupta,Male,38,Kolkata,West Bengal,Consumer,2025-08-27
CUST12117,Diya Singh,Female,18,Pune,Maharashtra,Consumer,2023-10-10
CUST12118,Riya Patel,Male,34,Ahmedabad,Gujarat,Small Business,2026-01-18
CUST12119,Diya Mehta,Female,63,Udaipur,Rajasthan,Consumer,2023-01-03
CUST12120,Aarav Sharma,Female,22,Mysuru,Karnataka,Consumer,2025-04-14
CUST12121,Diya Mehta,Female,56,Ahmedabad,Gujarat,Consumer,2024-04-17
CUST12122,Vivaan Jain,Other,51,Bengaluru,Karnataka,Consumer,2023-12-04
CUST12123,Isha Jain,Male,20,Kolkata,West Bengal,Consumer,2023-01-08
CUST12124,Arjun Das,Male,53,Ahmedabad,Gujarat,Consumer,2024-03-29
CUST12125,Ishaan Verma,Female,31,Coimbatore,Tamil Nadu,Consumer,2023-04-13
CUST12126,Isha Gupta,Male,29,Jaipur,Rajasthan,Consumer,2024-04-22
CUST12127,Nisha Das,Male,55,Mumbai,Maharashtra,Consumer,2026-04-17
CUST12128,Isha Verma,Other,36,Udaipur,Rajasthan,Small Business,2023-02-28
CUST12129,Kabir Rao,Male,53,Kolkata,West Bengal,Consumer,2025-09-16
CUST12130,Arjun Jain,Female,51,Chhindwara,Madhya Pradesh,Consumer,2024-01-05
CUST12131,Diya Das,Female,62,Coimbatore,Tamil Nadu,Consumer,2025-06-16
CUST12132,Aarav Deshmukh,Male,21,Chennai,Tamil Nadu,Consumer,2026-06-22
CUST12133,Kabir Singh,Male,24,Noida,Uttar Pradesh,Consumer,2026-04-13
CUST12134,Aditya Rao,Male,35,Chhindwara,Madhya Pradesh,Corporate,2024-07-26
CUST12135,Aditya Rao,Female,30,Noida,Uttar Pradesh,Consumer,2026-01-25
CUST12136,Priya Jain,Male,50,Chennai,Tamil Nadu,Consumer,2025-10-01
CUST12137,Aarav Rao,Male,55,Chhindwara,Madhya Pradesh,Consumer,2026-03-10
CUST12138,Ishaan Patel,Female,43,Kolkata,West Bengal,Consumer,2023-10-25
CUST12139,Ishaan Gupta,Female,43,New Delhi,Delhi,Small Business,2024-04-13
CUST12140,Ishaan Deshmukh,Female,26,Bhopal,Madhya Pradesh,Small Business,2024-08-02
CUST12141,Diya Das,Female,61,Bengaluru,Karnataka,Small Business,2024-05-18
CUST12142,Kabir Sharma,Male,61,Bengaluru,Karnataka,Consumer,2026-01-08
CUST12143,Riya Gupta,Female,36,Lucknow,Uttar Pradesh,Corporate,2024-04-18
CUST12144,Kabir Das,Male,23,Mysuru,Karnataka,Consumer,2025-09-29
CUST12145,Rohan Das,Male,58,Udaipur,Rajasthan,Consumer,2023-11-24
CUST12146,Nisha Verma,Male,39,Surat,Gujarat,Consumer,2023-09-21
CUST12147,Priya Das,Female,22,New Delhi,Delhi,Corporate,2025-09-14
CUST12148,Arjun Singh,Female,47,Bengaluru,Karnataka,Consumer,2023-05-31
CUST12149,Aarav Deshmukh,Female,39,Kolkata,West Bengal,Corporate,2024-06-08
CUST12150,Nisha Rao,Female,19,New Delhi,Delhi,Consumer,2025-12-07
CUST12151,Diya Patel,Male,63,Mysuru,Karnataka,Consumer,2023-08-17
CUST12152,Vivaan Das,Male,59,Surat,Gujarat,Corporate,2025-09-28
CUST12153,Isha Rao,Female,20,Chennai,Tamil Nadu,Consumer,2026-05-19
CUST12154,Diya Gupta,Female,48,Ahmedabad,Gujarat,Corporate,2023-02-28
CUST12155,Ishaan Verma,Female,57,New Delhi,Delhi,Consumer,2023-03-29
CUST12156,Ananya Deshmukh,Male,65,Bengaluru,Karnataka,Consumer,2025-12-13
CUST12157,Isha Deshmukh,Male,35,Jaipur,Rajasthan,Consumer,2023-04-21
CUST12158,Nisha Singh,Female,29,Mumbai,Maharashtra,Consumer,2024-10-11
CUST12159,Isha Mehta,Male,39,New Delhi,Delhi,Corporate,2023-03-02
CUST12160,Priya Mehta,Female,42,Bhopal,Madhya Pradesh,Consumer,2023-09-29
CUST12161,Aditya Patel,Male,25,Jaipur,Rajasthan,Consumer,2023-12-08
CUST12162,Isha Mehta,Female,62,Kolkata,West Bengal,Consumer,2023-09-13
CUST12163,Vivaan Deshmukh,Male,32,Ahmedabad,Gujarat,Consumer,2024-07-07
CUST12164,Ishaan Sharma,Female,22,Bengaluru,Karnataka,Corporate,2023-01-15
CUST12165,Priya Deshmukh,Male,29,Surat,Gujarat,Corporate,2026-05-12
CUST12166,Arjun Gupta,Female,58,New Delhi,Delhi,Consumer,2024-06-02
CUST12167,Riya Jain,Male,47,New Delhi,Delhi,Small Business,2025-05-19
CUST12168,Rohan Patel,Female,58,Ahmedabad,Gujarat,Consumer,2026-03-04
CUST12169,Nisha Rao,Female,27,Bengaluru,Karnataka,Consumer,2024-04-16
CUST12170,Vivaan Verma,Female,42,Kolkata,West Bengal,Corporate,2024-12-26
CUST12171,Diya Verma,Male,57,Kolkata,West Bengal,Corporate,2023-10-20
CUST12172,Rohan Gupta,Female,21,Noida,Uttar Pradesh,Small Business,2024-12-25
CUST12173,Vivaan Mehta,Female,56,Chhindwara,Madhya Pradesh,Consumer,2025-12-17
CUST12174,Kabir Mehta,Female,42,Surat,Gujarat,Corporate,2023-05-24
CUST12175,Meera Rao,Female,48,Chennai,Tamil Nadu,Consumer,2023-09-01
CUST12176,Aarav Mehta,Male,59,Udaipur,Rajasthan,Consumer,2023-02-28
CUST12177,Aarav Patel,Female,21,Coimbatore,Tamil Nadu,Consumer,2026-04-19
CUST12178,Priya Gupta,Male,24,Mysuru,Karnataka,Corporate,2024-08-28
CUST12179,Nisha Das,Male,43,Ahmedabad,Gujarat,Consumer,2026-06-24
CUST12180,Ananya Jain,Male,59,New Delhi,Delhi,Consumer,2024-05-18
CUST12181,Meera Patel,Male,27,Udaipur,Rajasthan,Consumer,2025-11-24
CUST12182,Ananya Deshmukh,Female,49,New Delhi,Delhi,Corporate,2023-01-02
CUST12183,Rohan Rao,Female,29,Bengaluru,Karnataka,Corporate,2026-03-27
CUST12184,Aditya Patel,Female,57,Bengaluru,Karnataka,Small Business,2023-09-12
CUST12185,Vivaan Gupta,Male,37,Nagpur,Maharashtra,Corporate,2023-08-24
CUST12186,Rohan Jain,Female,62,Kolkata,West Bengal,Consumer,2025-12-21
CUST12187,Meera Singh,Female,27,Pune,Maharashtra,Consumer,2023-11-04
CUST12188,Aarav Gupta,Female,39,Bengaluru,Karnataka,Corporate,2024-05-25
CUST12189,Isha Deshmukh,Male,51,Mysuru,Karnataka,Corporate,2024-10-04
CUST12190,Diya Sharma,Male,58,New Delhi,Delhi,Corporate,2026-04-10
CUST12191,Isha Jain,Female,57,New Delhi,Delhi,Consumer,2023-02-08
CUST12192,Aditya Das,Male,22,Udaipur,Rajasthan,Small Business,2026-04-13
CUST12193,Aarav Patel,Female,36,Bengaluru,Karnataka,Consumer,2025-06-26
CUST12194,Diya Gupta,Male,22,Mumbai,Maharashtra,Corporate,2023-08-19
CUST12195,Rohan Sharma,Female,44,Nagpur,Maharashtra,Corporate,2024-04-01
CUST12196,Arjun Rao,Female,18,Surat,Gujarat,Corporate,2023-02-08
CUST12197,Aarav Mehta,Female,52,Noida,Uttar Pradesh,Corporate,2023-05-06
CUST12198,Nisha Rao,Male,61,Bengaluru,Karnataka,Small Business,2024-06-17
CUST12199,Riya Sharma,Male,57,Ahmedabad,Gujarat,Consumer,2023-12-21
CUST12200,Meera Gupta,Female,39,New Delhi,Delhi,Corporate,2026-03-31
CUST12201,Kabir Sharma,Male,39,Lucknow,Uttar Pradesh,Consumer,2025-07-17
CUST12202,Ananya Sharma,Female,21,Ahmedabad,Gujarat,Corporate,2025-07-29
CUST12203,Aarav Verma,Female,18,Kolkata,West Bengal,Consumer,2026-01-11
CUST12204,Vivaan Deshmukh,Female,36,Nagpur,Maharashtra,Small Business,2023-08-15
CUST12205,Ishaan Deshmukh,Male,24,Lucknow,Uttar Pradesh,Corporate,2023-07-11
CUST12206,Rohan Singh,Female,35,Kolkata,West Bengal,Corporate,2025-12-22
CUST12207,Aarav Sharma,Male,53,Pune,Maharashtra,Consumer,2025-11-24
CUST12208,Ananya Mehta,Male,23,Kolkata,West Bengal,Consumer,2025-08-02
CUST12209,Priya Sharma,Female,22,Noida,Uttar Pradesh,Consumer,2025-12-28
CUST12210,Diya Patel,Female,55,Indore,Madhya Pradesh,Consumer,2025-11-22
CUST12211,Vivaan Rao,Male,61,New Delhi,Delhi,Consumer,2024-09-14
CUST12212,Meera Verma,Female,42,Noida,Uttar Pradesh,Consumer,2023-11-19
CUST12213,Meera Mehta,Male,62,Pune,Maharashtra,Corporate,2023-09-25
CUST12214,Aarav Rao,Female,36,Bhopal,Madhya Pradesh,Consumer,2025-08-24
CUST12215,Kabir Verma,Female,24,Nagpur,Maharashtra,Consumer,2024-12-03
CUST12216,Aditya Patel,Male,47,New Delhi,Delhi,Consumer,2023-02-26
CUST12217,Isha Verma,Male,24,Bengaluru,Karnataka,Corporate,2024-06-02
CUST12218,Priya Rao,Female,28,Chhindwara,Madhya Pradesh,Consumer,2024-09-01
CUST12219,Arjun Jain,Female,48,Mumbai,Maharashtra,Consumer,2023-06-15
CUST12220,Vivaan Deshmukh,Male,48,Mumbai,Maharashtra,Corporate,2024-11-20
CUST12221,Riya Mehta,Female,42,Indore,Madhya Pradesh,Small Business,2024-07-31
CUST12222,Diya Mehta,Male,50,New Delhi,Delhi,Corporate,2024-02-24
CUST12223,Ananya Jain,Female,38,Mysuru,Karnataka,Consumer,2024-04-27
CUST12224,Priya Jain,Male,49,Kolkata,West Bengal,Consumer,2023-02-07
CUST12225,Arjun Patel,Male,24,Indore,Madhya Pradesh,Consumer,2026-02-25
CUST12226,Priya Singh,Female,51,Kolkata,West Bengal,Consumer,2025-05-22
CUST12227,Rohan Deshmukh,Male,33,New Delhi,Delhi,Consumer,2024-02-26
CUST12228,Aditya Jain,Male,63,New Delhi,Delhi,Consumer,2023-08-15
CUST12229,Vivaan Verma,Female,51,Bhopal,Madhya Pradesh,Small Business,2023-02-17
CUST12230,Kabir Verma,Male,55,Nagpur,Maharashtra,Corporate,2024-02-14
CUST12231,Arjun Sharma,Male,54,New Delhi,Delhi,Consumer,2025-06-26
CUST12232,Rohan Das,Male,64,Lucknow,Uttar Pradesh,Consumer,2025-07-11
CUST12233,Riya Patel,Male,63,New Delhi,Delhi,Consumer,2023-12-17
CUST12234,Isha Patel,Female,56,New Delhi,Delhi,Consumer,2025-08-20
CUST12235,Aarav Patel,Male,56,Bengaluru,Karnataka,Consumer,2026-03-31
CUST12236,Vivaan Verma,Female,22,Pune,Maharashtra,Small Business,2024-06-03
CUST12237,Nisha Rao,Female,63,Noida,Uttar Pradesh,Small Business,2025-09-23
CUST12238,Nisha Gupta,Male,58,Lucknow,Uttar Pradesh,Consumer,2025-12-13
CUST12239,Rohan Jain,Male,26,Chennai,Tamil Nadu,Consumer,2024-09-02
CUST12240,Diya Gupta,Female,34,Lucknow,Uttar Pradesh,Small Business,2024-04-25
CUST12241,Isha Verma,Male,57,Kolkata,West Bengal,Small Business,2025-10-22
CUST12242,Riya Mehta,Female,29,Lucknow,Uttar Pradesh,Consumer,2023-04-08
CUST12243,Rohan Mehta,Male,65,Coimbatore,Tamil Nadu,Small Business,2024-03-09
CUST12244,Diya Singh,Male,52,Ahmedabad,Gujarat,Consumer,2024-08-19
CUST12245,Diya Deshmukh,Female,43,Chhindwara,Madhya Pradesh,Consumer,2024-03-02
CUST12246,Ananya Singh,Male,44,Bengaluru,Karnataka,Consumer,2024-03-10
CUST12247,Diya Rao,Male,33,Bengaluru,Karnataka,Consumer,2024-12-02
CUST12248,Priya Rao,Male,31,Bengaluru,Karnataka,Consumer,2025-08-14
CUST12249,Ananya Sharma,Male,49,Pune,Maharashtra,Corporate,2024-12-06
CUST12250,Aarav Deshmukh,Female,61,Bengaluru,Karnataka,Consumer,2023-08-02
CUST12251,Aarav Mehta,Female,56,Indore,Madhya Pradesh,Small Business,2023-09-08
CUST12252,Kabir Sharma,Male,65,Coimbatore,Tamil Nadu,Consumer,2025-08-14
CUST12253,Riya Patel,Female,44,Chhindwara,Madhya Pradesh,Consumer,2026-04-10
CUST12254,Diya Jain,Male,45,Ahmedabad,Gujarat,Consumer,2023-10-21
CUST12255,Ananya Singh,Male,54,Nagpur,Maharashtra,Consumer,2023-12-14
CUST12256,Nisha Sharma,Female,49,Kolkata,West Bengal,Consumer,2025-01-10
CUST12257,Arjun Verma,Male,32,Ahmedabad,Gujarat,Consumer,2023-10-24
CUST12258,Isha Rao,Male,64,Mysuru,Karnataka,Consumer,2023-03-24
CUST12259,Arjun Jain,Female,25,Kolkata,West Bengal,Small Business,2025-09-27
CUST12260,Ananya Das,Female,63,Ahmedabad,Gujarat,Consumer,2025-05-04
CUST12261,Ananya Mehta,Male,55,Kolkata,West Bengal,Consumer,2025-02-17
CUST12262,Isha Jain,Female,50,Nagpur,Maharashtra,Consumer,2025-06-26
CUST12263,Ishaan Patel,Female,45,Bengaluru,Karnataka,Small Business,2024-07-25
CUST12264,Vivaan Jain,Female,45,Udaipur,Rajasthan,Consumer,2024-07-10
CUST12265,Ishaan Patel,Female,64,Pune,Maharashtra,Small Business,2024-07-29
CUST12266,Rohan Mehta,Other,28,Udaipur,Rajasthan,Consumer,2023-05-05
CUST12267,Aditya Rao,Male,31,New Delhi,Delhi,Consumer,2026-05-14
CUST12268,Aditya Mehta,Male,59,Bengaluru,Karnataka,Small Business,2025-07-20
CUST12269,Vivaan Gupta,Male,51,Udaipur,Rajasthan,Consumer,2025-01-06
CUST12270,Vivaan Gupta,Male,25,New Delhi,Delhi,Consumer,2025-02-16
CUST12271,Priya Mehta,Female,26,Mysuru,Karnataka,Small Business,2024-02-19
CUST12272,Aarav Das,Female,32,Mysuru,Karnataka,Small Business,2025-10-06
CUST12273,Rohan Jain,Female,32,Chhindwara,Madhya Pradesh,Consumer,2024-04-07
CUST12274,Aditya Das,Male,62,Udaipur,Rajasthan,Consumer,2023-05-23
CUST12275,Meera Rao,Male,40,Bhopal,Madhya Pradesh,Consumer,2025-08-28
CUST12276,Rohan Rao,Male,52,Chennai,Tamil Nadu,Consumer,2024-05-13
CUST12277,Ananya Patel,Female,41,Kolkata,West Bengal,Corporate,2026-02-17
CUST12278,Ishaan Gupta,Female,52,Chennai,Tamil Nadu,Consumer,2025-05-04
CUST12279,Isha Gupta,Female,58,Bhopal,Madhya Pradesh,Consumer,2023-08-16
CUST12280,Rohan Gupta,Male,46,Kolkata,West Bengal,Consumer,2024-10-09
CUST12281,Rohan Verma,Male,35,New Delhi,Delhi,Corporate,2023-09-13
CUST12282,Nisha Verma,Female,31,New Delhi,Delhi,Consumer,2023-12-31
CUST12283,Meera Rao,Female,33,Coimbatore,Tamil Nadu,Consumer,2023-05-25
CUST12284,Riya Deshmukh,Female,45,Indore,Madhya Pradesh,Corporate,2024-08-19
CUST12285,Isha Verma,Female,58,Nagpur,Maharashtra,Corporate,2024-01-03
CUST12286,Rohan Patel,Female,40,Kolkata,West Bengal,Consumer,2023-09-19
CUST12287,Vivaan Deshmukh,Male,53,Pune,Maharashtra,Consumer,2026-04-13
CUST12288,Nisha Sharma,Female,40,Bengaluru,Karnataka,Consumer,2025-07-22
CUST12289,Meera Sharma,Male,53,Coimbatore,Tamil Nadu,Corporate,2025-01-05
CUST12290,Vivaan Deshmukh,Female,65,Pune,Maharashtra,Small Business,2026-01-30
CUST12291,Riya Verma,Male,31,New Delhi,Delhi,Consumer,2023-07-19
CUST12292,Ananya Das,Female,34,New Delhi,Delhi,Corporate,2024-02-18
CUST12293,Vivaan Rao,Male,65,Kolkata,West Bengal,Consumer,2026-03-27
CUST12294,Priya Gupta,Female,60,Mysuru,Karnataka,Consumer,2023-01-17
CUST12295,Vivaan Patel,Male,46,Lucknow,Uttar Pradesh,Corporate,2023-04-24
CUST12296,Priya Sharma,Female,59,Lucknow,Uttar Pradesh,Corporate,2023-07-21
CUST12297,Meera Jain,Female,61,Ahmedabad,Gujarat,Corporate,2024-04-21
CUST12298,Vivaan Verma,Male,29,Udaipur,Rajasthan,Small Business,2026-03-09
CUST12299,Rohan Patel,Female,44,Chennai,Tamil Nadu,Small Business,2025-06-11
CUST12300,Isha Singh,Male,48,Mysuru,Karnataka,Consumer,2026-05-27
CUST12301,Riya Rao,Female,29,Lucknow,Uttar Pradesh,Consumer,2024-08-15
CUST12302,Ananya Verma,Female,36,Udaipur,Rajasthan,Corporate,2025-07-28
CUST12303,Meera Mehta,Male,61,Udaipur,Rajasthan,Corporate,2023-08-09
CUST12304,Aarav Das,Female,18,Surat,Gujarat,Consumer,2025-01-15
CUST12305,Nisha Rao,Male,65,Nagpur,Maharashtra,Corporate,2026-04-07
CUST12306,Vivaan Das,Male,28,Noida,Uttar Pradesh,Consumer,2024-07-17
CUST12307,Kabir Das,Female,57,Indore,Madhya Pradesh,Corporate,2023-06-18
CUST12308,Rohan Das,Female,32,Kolkata,West Bengal,Corporate,2024-02-15
CUST12309,Aarav Rao,Female,56,Chhindwara,Madhya Pradesh,Small Business,2023-03-28
CUST12310,Priya Sharma,Female,31,Lucknow,Uttar Pradesh,Small Business,2023-04-16
CUST12311,Priya Das,Male,30,New Delhi,Delhi,Consumer,2025-03-30
CUST12312,Aditya Gupta,Female,60,Chhindwara,Madhya Pradesh,Small Business,2024-09-10
CUST12313,Meera Jain,Female,52,Mumbai,Maharashtra,Consumer,2023-02-05
CUST12314,Isha Mehta,Male,36,Lucknow,Uttar Pradesh,Consumer,2024-09-12
CUST12315,Priya Patel,Female,44,Bhopal,Madhya Pradesh,Corporate,2026-05-13
CUST12316,Aditya Singh,Male,41,Kolkata,West Bengal,Small Business,2025-02-15
CUST12317,Aarav Patel,Male,38,Pune,Maharashtra,Consumer,2025-08-01
CUST12318,Aarav Rao,Female,34,Lucknow,Uttar Pradesh,Consumer,2025-07-24
CUST12319,Aditya Rao,Male,43,Lucknow,Uttar Pradesh,Consumer,2026-04-26
CUST12320,Meera Mehta,Male,41,Udaipur,Rajasthan,Corporate,2024-05-01
CUST12321,Riya Deshmukh,Male,22,Nagpur,Maharashtra,Corporate,2025-12-16
CUST12322,Arjun Rao,Male,60,New Delhi,Delhi,Consumer,2026-03-09
CUST12323,Aditya Verma,Female,29,Udaipur,Rajasthan,Corporate,2025-10-20
CUST12324,Meera Singh,Female,61,Jaipur,Rajasthan,Consumer,2023-08-02
CUST12325,Ishaan Gupta,Female,20,Kolkata,West Bengal,Consumer,2023-12-29
CUST12326,Priya Mehta,Male,19,Jaipur,Rajasthan,Consumer,2025-08-06
CUST12327,Aditya Jain,Male,54,Bhopal,Madhya Pradesh,Consumer,2026-04-22
CUST12328,Diya Gupta,Male,30,Noida,Uttar Pradesh,Consumer,2026-01-15
CUST12329,Kabir Das,Male,23,Jaipur,Rajasthan,Corporate,2025-08-07
CUST12330,Aditya Das,Female,61,Jaipur,Rajasthan,Consumer,2024-07-21
CUST12331,Diya Gupta,Male,37,Noida,Uttar Pradesh,Consumer,2023-11-11
CUST12332,Aditya Singh,Male,36,Noida,Uttar Pradesh,Consumer,2023-12-26
CUST12333,Aditya Mehta,Male,42,Chhindwara,Madhya Pradesh,Consumer,2023-08-28
CUST12334,Arjun Gupta,Female,25,Coimbatore,Tamil Nadu,Small Business,2024-05-17
CUST12335,Kabir Patel,Female,35,Bhopal,Madhya Pradesh,Consumer,2026-06-01
CUST12336,Rohan Singh,Female,49,Mysuru,Karnataka,Corporate,2025-08-05
CUST12337,Rohan Mehta,Male,38,Mysuru,Karnataka,Consumer,2023-05-25
CUST12338,Arjun Jain,Female,44,New Delhi,Delhi,Consumer,2023-10-30
CUST12339,Meera Deshmukh,Male,26,Coimbatore,Tamil Nadu,Consumer,2024-05-15
CUST12340,Riya Jain,Male,57,Lucknow,Uttar Pradesh,Consumer,2024-07-05
CUST12341,Rohan Patel,Female,63,Indore,Madhya Pradesh,Consumer,2024-12-04
CUST12342,Kabir Sharma,Female,30,Mysuru,Karnataka,Consumer,2025-07-27
CUST12343,Aditya Jain,Male,27,Noida,Uttar Pradesh,Corporate,2024-04-18
CUST12344,Nisha Sharma,Male,62,Coimbatore,Tamil Nadu,Consumer,2023-03-04
CUST12345,Meera Deshmukh,Male,45,Ahmedabad,Gujarat,Small Business,2023-07-19
CUST12346,Rohan Verma,Male,24,Ahmedabad,Gujarat,Consumer,2023-02-15
CUST12347,Riya Deshmukh,Female,21,Chhindwara,Madhya Pradesh,Corporate,2025-05-21
CUST12348,Rohan Mehta,Male,52,Coimbatore,Tamil Nadu,Small Business,2025-08-10
CUST12349,Isha Rao,Male,22,Udaipur,Rajasthan,Consumer,2024-01-04
CUST12350,Rohan Deshmukh,Male,27,Udaipur,Rajasthan,Consumer,2024-08-15
CUST12351,Nisha Gupta,Female,26,Mysuru,Karnataka,Consumer,2024-01-03
CUST12352,Aditya Mehta,Male,54,Udaipur,Rajasthan,Consumer,2024-06-22
CUST12353,Riya Sharma,Female,47,Jaipur,Rajasthan,Consumer,2026-03-11
CUST12354,Aarav Gupta,Male,53,Pune,Maharashtra,Consumer,2025-04-22
CUST12355,Diya Verma,Male,62,Bhopal,Madhya Pradesh,Corporate,2024-05-06
CUST12356,Meera Rao,Male,50,Chhindwara,Madhya Pradesh,Small Business,2023-06-29
CUST12357,Ananya Singh,Male,61,Chennai,Tamil Nadu,Consumer,2025-04-20
CUST12358,Meera Mehta,Female,64,Udaipur,Rajasthan,Consumer,2023-02-11
CUST12359,Aarav Das,Male,60,Kolkata,West Bengal,Consumer,2025-08-07
CUST12360,Riya Patel,Male,50,Lucknow,Uttar Pradesh,Consumer,2025-08-29
CUST12361,Priya Das,Male,23,Noida,Uttar Pradesh,Consumer,2024-03-15
CUST12362,Priya Mehta,Male,51,Mysuru,Karnataka,Consumer,2025-03-30
CUST12363,Priya Das,Female,56,Jaipur,Rajasthan,Consumer,2024-03-31
CUST12364,Arjun Patel,Male,24,New Delhi,Delhi,Consumer,2025-12-25
CUST12365,Riya Singh,Female,65,Ahmedabad,Gujarat,Consumer,2026-04-18
CUST12366,Arjun Das,Male,32,Pune,Maharashtra,Consumer,2024-02-03
CUST12367,Arjun Jain,Male,44,New Delhi,Delhi,Corporate,2024-05-16
CUST12368,Meera Gupta,Male,35,Bhopal,Madhya Pradesh,Consumer,2025-02-21
CUST12369,Ishaan Deshmukh,Female,51,Lucknow,Uttar Pradesh,Consumer,2025-05-05
CUST12370,Isha Sharma,Female,28,Lucknow,Uttar Pradesh,Consumer,2024-05-09
CUST12371,Isha Verma,Male,58,Ahmedabad,Gujarat,Corporate,2025-12-10
CUST12372,Aditya Singh,Female,39,Noida,Uttar Pradesh,Small Business,2024-09-29
CUST12373,Diya Mehta,Female,33,Lucknow,Uttar Pradesh,Consumer,2023-03-22
CUST12374,Kabir Rao,Male,50,Kolkata,West Bengal,Corporate,2025-06-16
CUST12375,Diya Verma,Female,22,Coimbatore,Tamil Nadu,Consumer,2026-04-26
CUST12376,Meera Gupta,Female,39,Mumbai,Maharashtra,Consumer,2026-05-26
CUST12377,Nisha Deshmukh,Male,51,Noida,Uttar Pradesh,Consumer,2023-05-01
CUST12378,Rohan Mehta,Male,26,Chennai,Tamil Nadu,Corporate,2023-07-21
CUST12379,Aditya Jain,Male,40,Ahmedabad,Gujarat,Corporate,2024-08-03
CUST12380,Isha Deshmukh,Female,49,Mysuru,Karnataka,Consumer,2023-05-18
CUST12381,Vivaan Das,Female,29,Indore,Madhya Pradesh,Consumer,2024-06-21
CUST12382,Diya Rao,Male,62,Bhopal,Madhya Pradesh,Consumer,2023-07-28
CUST12383,Aarav Singh,Female,24,Kolkata,West Bengal,Small Business,2025-02-08
CUST12384,Rohan Verma,Male,31,Nagpur,Maharashtra,Small Business,2023-03-29
CUST12385,Ananya Sharma,Male,52,Bhopal,Madhya Pradesh,Small Business,2025-12-13
CUST12386,Nisha Verma,Female,55,Chhindwara,Madhya Pradesh,Consumer,2025-11-09
CUST12387,Ishaan Verma,Female,24,Chennai,Tamil Nadu,Consumer,2025-01-30
CUST12388,Aarav Sharma,Male,46,Udaipur,Rajasthan,Consumer,2025-11-27
CUST12389,Riya Jain,Male,28,Nagpur,Maharashtra,Corporate,2025-06-03
CUST12390,Priya Jain,Female,35,Noida,Uttar Pradesh,Consumer,2024-06-27
CUST12391,Riya Patel,Female,36,Bhopal,Madhya Pradesh,Small Business,2025-03-22
CUST12392,Nisha Rao,Female,53,Coimbatore,Tamil Nadu,Consumer,2024-05-27
CUST12393,Aarav Sharma,Female,63,Mumbai,Maharashtra,Small Business,2026-03-21
CUST12394,Rohan Das,Male,63,Indore,Madhya Pradesh,Consumer,2026-01-19
CUST12395,Priya Patel,Female,25,New Delhi,Delhi,Corporate,2024-10-03
CUST12396,Rohan Mehta,Male,39,New Delhi,Delhi,Small Business,2026-01-11
CUST12397,Priya Singh,Female,33,Lucknow,Uttar Pradesh,Small Business,2026-01-10
CUST12398,Ishaan Jain,Male,55,Jaipur,Rajasthan,Consumer,2025-06-05
CUST12399,Priya Rao,Male,34,New Delhi,Delhi,Small Business,2025-04-05
CUST12400,Isha Rao,Male,55,Kolkata,West Bengal,Consumer,2025-08-22
CUST12401,Kabir Patel,Female,42,Mysuru,Karnataka,Consumer,2024-12-12
CUST12402,Diya Singh,Female,43,Bengaluru,Karnataka,Consumer,2025-11-03
CUST12403,Riya Verma,Female,39,Indore,Madhya Pradesh,Small Business,2025-05-03
CUST12404,Diya Das,Male,64,New Delhi,Delhi,Consumer,2023-08-14
CUST12405,Vivaan Singh,Female,59,Surat,Gujarat,Consumer,2026-04-08
CUST12406,Aarav Gupta,Male,55,Mysuru,Karnataka,Consumer,2023-04-26
CUST12407,Ishaan Das,Female,19,Mumbai,Maharashtra,Consumer,2023-02-11
CUST12408,Vivaan Jain,Female,65,Bhopal,Madhya Pradesh,Consumer,2025-09-26
CUST12409,Diya Rao,Male,64,Chennai,Tamil Nadu,Corporate,2023-06-06
CUST12410,Ananya Rao,Male,58,Nagpur,Maharashtra,Corporate,2026-05-27
CUST12411,Nisha Mehta,Male,51,Indore,Madhya Pradesh,Consumer,2025-08-26
CUST12412,Riya Rao,Female,35,Kolkata,West Bengal,Corporate,2026-02-07
CUST12413,Ishaan Gupta,Female,53,Chennai,Tamil Nadu,Small Business,2023-10-07
CUST12414,Arjun Rao,Male,46,Mumbai,Maharashtra,Corporate,2025-09-13
CUST12415,Riya Rao,Female,23,Chhindwara,Madhya Pradesh,Consumer,2023-08-31
CUST12416,Diya Das,Male,52,Ahmedabad,Gujarat,Consumer,2024-02-25
CUST12417,Vivaan Jain,Female,20,New Delhi,Delhi,Consumer,2026-02-19
CUST12418,Vivaan Patel,Male,52,Udaipur,Rajasthan,Corporate,2025-10-16
CUST12419,Aditya Rao,Male,35,Udaipur,Rajasthan,Consumer,2023-07-26
CUST12420,Meera Verma,Female,63,Bengaluru,Karnataka,Consumer,2023-01-12
CUST12421,Aarav Rao,Male,44,Bengaluru,Karnataka,Consumer,2023-10-06
CUST12422,Diya Mehta,Male,39,Coimbatore,Tamil Nadu,Corporate,2025-07-04
CUST12423,Isha Gupta,Female,48,Kolkata,West Bengal,Consumer,2025-05-06
CUST12424,Isha Mehta,Female,45,Chhindwara,Madhya Pradesh,Consumer,2024-09-30
CUST12425,Riya Sharma,Female,40,Pune,Maharashtra,Consumer,2023-05-04
CUST12426,Meera Rao,Male,59,Coimbatore,Tamil Nadu,Consumer,2024-10-03
CUST12427,Nisha Sharma,Male,42,Udaipur,Rajasthan,Consumer,2025-05-22
CUST12428,Ishaan Deshmukh,Male,33,Ahmedabad,Gujarat,Consumer,2026-02-27
CUST12429,Meera Rao,Female,56,Nagpur,Maharashtra,Consumer,2025-01-03
CUST12430,Priya Sharma,Male,37,Chennai,Tamil Nadu,Small Business,2023-06-19
CUST12431,Ishaan Sharma,Female,41,Nagpur,Maharashtra,Consumer,2025-09-28
CUST12432,Priya Verma,Male,43,Surat,Gujarat,Consumer,2025-05-03
CUST12433,Aarav Mehta,Male,45,Kolkata,West Bengal,Small Business,2024-09-21
CUST12434,Vivaan Mehta,Male,43,New Delhi,Delhi,Consumer,2025-11-17
CUST12435,Priya Verma,Male,50,Kolkata,West Bengal,Consumer,2024-08-17
CUST12436,Vivaan Singh,Female,45,Ahmedabad,Gujarat,Corporate,2025-03-05
CUST12437,Meera Verma,Male,41,New Delhi,Delhi,Consumer,2025-10-07
CUST12438,Meera Jain,Female,58,Coimbatore,Tamil Nadu,Consumer,2025-01-22
CUST12439,Priya Patel,Female,49,Ahmedabad,Gujarat,Consumer,2025-03-03
CUST12440,Ananya Jain,Male,30,Kolkata,West Bengal,Consumer,2026-04-02
CUST12441,Kabir Das,Male,39,Lucknow,Uttar Pradesh,Corporate,2023-03-12
CUST12442,Diya Patel,Female,54,Ahmedabad,Gujarat,Corporate,2025-11-19
CUST12443,Vivaan Jain,Female,58,Kolkata,West Bengal,Corporate,2025-03-24
CUST12444,Nisha Gupta,Male,29,Udaipur,Rajasthan,Consumer,2025-05-15
CUST12445,Kabir Singh,Male,61,Udaipur,Rajasthan,Small Business,2023-09-24
CUST12446,Priya Sharma,Male,35,Udaipur,Rajasthan,Corporate,2026-02-10
CUST12447,Rohan Gupta,Female,32,Kolkata,West Bengal,Corporate,2023-04-13
CUST12448,Nisha Singh,Female,36,Surat,Gujarat,Consumer,2026-01-06
CUST12449,Diya Deshmukh,Male,65,Mumbai,Maharashtra,Consumer,2025-03-07
CUST12450,Kabir Patel,Male,33,Chhindwara,Madhya Pradesh,Consumer,2023-05-19
CUST12451,Riya Deshmukh,Female,39,New Delhi,Delhi,Consumer,2024-02-19
CUST12452,Nisha Sharma,Female,43,Surat,Gujarat,Corporate,2023-01-01
CUST12453,Meera Patel,Female,50,Mumbai,Maharashtra,Consumer,2023-09-19
CUST12454,Arjun Das,Male,29,New Delhi,Delhi,Consumer,2023-12-12
CUST12455,Ishaan Gupta,Female,60,Pune,Maharashtra,Small Business,2024-05-13
CUST12456,Rohan Gupta,Female,35,New Delhi,Delhi,Consumer,2023-09-19
CUST12457,Priya Jain,Male,30,Jaipur,Rajasthan,Consumer,2024-12-06
CUST12458,Nisha Singh,Female,60,Mumbai,Maharashtra,Corporate,2025-05-14
CUST12459,Ananya Mehta,Male,48,New Delhi,Delhi,Consumer,2026-02-15
CUST12460,Aarav Sharma,Male,51,New Delhi,Delhi,Consumer,2025-04-12
CUST12461,Vivaan Patel,Male,61,Kolkata,West Bengal,Corporate,2024-09-03
CUST12462,Ananya Singh,Male,60,Chennai,Tamil Nadu,Consumer,2025-01-14
CUST12463,Riya Das,Female,65,Coimbatore,Tamil Nadu,Consumer,2023-03-05
CUST12464,Ishaan Sharma,Male,38,Bengaluru,Karnataka,Consumer,2026-06-27
CUST12465,Aarav Patel,Female,26,Mumbai,Maharashtra,Consumer,2025-05-24
CUST12466,Riya Singh,Male,22,New Delhi,Delhi,Consumer,2023-01-20
CUST12467,Aarav Gupta,Male,34,Nagpur,Maharashtra,Consumer,2024-06-08
CUST12468,Ishaan Rao,Male,34,Lucknow,Uttar Pradesh,Small Business,2024-11-28
CUST12469,Diya Verma,Female,53,Nagpur,Maharashtra,Consumer,2023-01-12
CUST12470,Nisha Sharma,Male,59,Bengaluru,Karnataka,Consumer,2026-04-12
CUST12471,Aditya Das,Female,32,Bhopal,Madhya Pradesh,Consumer,2024-05-30
CUST12472,Kabir Patel,Female,59,Chhindwara,Madhya Pradesh,Consumer,2025-01-10
CUST12473,Ananya Deshmukh,Other,59,Ahmedabad,Gujarat,Consumer,2024-06-02
CUST12474,Arjun Deshmukh,Female,41,Coimbatore,Tamil Nadu,Consumer,2023-07-01
CUST12475,Aditya Verma,Male,35,Noida,Uttar Pradesh,Consumer,2024-11-27
CUST12476,Ishaan Das,Female,65,Mysuru,Karnataka,Corporate,2024-12-15
CUST12477,Meera Singh,Female,31,Pune,Maharashtra,Consumer,2025-08-20
CUST12478,Vivaan Jain,Female,41,Jaipur,Rajasthan,Consumer,2023-01-15
CUST12479,Rohan Das,Female,20,Surat,Gujarat,Consumer,2025-09-22
CUST12480,Nisha Das,Female,45,Chennai,Tamil Nadu,Consumer,2025-06-10
CUST12481,Rohan Deshmukh,Male,27,Pune,Maharashtra,Corporate,2025-04-24
CUST12482,Meera Mehta,Male,19,Kolkata,West Bengal,Consumer,2026-06-24
CUST12483,Aarav Deshmukh,Male,50,Surat,Gujarat,Consumer,2024-12-15
CUST12484,Meera Sharma,Female,35,Noida,Uttar Pradesh,Corporate,2025-03-25
CUST12485,Priya Patel,Male,53,Bengaluru,Karnataka,Corporate,2023-03-17
CUST12486,Arjun Verma,Female,56,Jaipur,Rajasthan,Corporate,2025-07-11
CUST12487,Rohan Deshmukh,Male,56,Mumbai,Maharashtra,Consumer,2025-07-15
CUST12488,Priya Deshmukh,Female,20,Udaipur,Rajasthan,Small Business,2025-06-24
CUST12489,Ananya Rao,Female,48,Lucknow,Uttar Pradesh,Consumer,2024-11-08
CUST12490,Aarav Deshmukh,Male,62,Chhindwara,Madhya Pradesh,Corporate,2024-12-28
CUST12491,Kabir Rao,Female,26,Kolkata,West Bengal,Corporate,2026-01-14
CUST12492,Riya Rao,Female,23,Coimbatore,Tamil Nadu,Consumer,2026-02-25
CUST12493,Ananya Rao,Male,35,Ahmedabad,Gujarat,Small Business,2025-03-27
CUST12494,Arjun Rao,Female,56,Nagpur,Maharashtra,Small Business,2025-12-27
CUST12495,Meera Mehta,Female,29,Surat,Gujarat,Consumer,2024-10-14
CUST12496,Aarav Das,Male,49,New Delhi,Delhi,Consumer,2024-04-02
CUST12497,Ananya Mehta,Female,22,Udaipur,Rajasthan,Consumer,2023-12-18
CUST12498,Kabir Verma,Female,47,Udaipur,Rajasthan,Small Business,2024-05-21
CUST12499,Meera Jain,Female,54,Bhopal,Madhya Pradesh,Consumer,2023-07-06
CUST12500,Kabir Gupta,Male,48,Kolkata,West Bengal,Consumer,2025-08-10
CUST12501,Riya Singh,Male,19,Udaipur,Rajasthan,Consumer,2023-09-28
CUST12502,Priya Rao,Male,58,Bengaluru,Karnataka,Corporate,2024-08-13
CUST12503,Vivaan Jain,Male,54,Coimbatore,Tamil Nadu,Consumer,2024-07-06
CUST12504,Ananya Das,Other,23,Surat,Gujarat,Consumer,2025-11-06
CUST12505,Kabir Patel,Male,35,New Delhi,Delhi,Consumer,2025-07-21
CUST12506,Vivaan Das,Male,53,Indore,Madhya Pradesh,Corporate,2025-08-08
CUST12507,Isha Mehta,Female,52,Kolkata,West Bengal,Corporate,2024-10-31
CUST12508,Priya Das,Male,57,Bhopal,Madhya Pradesh,Consumer,2023-06-13
CUST12509,Arjun Das,Female,21,New Delhi,Delhi,Small Business,2025-03-12
CUST12510,Aditya Sharma,Male,42,Coimbatore,Tamil Nadu,Consumer,2023-05-03
CUST12511,Vivaan Deshmukh,Female,48,Udaipur,Rajasthan,Consumer,2023-12-11
CUST12512,Meera Jain,Male,24,Chhindwara,Madhya Pradesh,Corporate,2023-07-27
CUST12513,Riya Jain,Female,51,Mumbai,Maharashtra,Corporate,2024-11-15
CUST12514,Diya Das,Female,62,Kolkata,West Bengal,Corporate,2025-08-12
CUST12515,Ananya Singh,Female,57,Kolkata,West Bengal,Consumer,2023-02-10
CUST12516,Arjun Sharma,Female,39,Nagpur,Maharashtra,Consumer,2024-06-21
CUST12517,Nisha Verma,Female,60,Surat,Gujarat,Small Business,2025-10-17
CUST12518,Vivaan Rao,Female,24,Indore,Madhya Pradesh,Consumer,2023-12-09
CUST12519,Isha Verma,Male,42,Noida,Uttar Pradesh,Consumer,2026-04-09
CUST12520,Rohan Patel,Male,56,Ahmedabad,Gujarat,Consumer,2026-03-17
CUST12521,Rohan Verma,Male,63,Lucknow,Uttar Pradesh,Corporate,2023-02-21
CUST12522,Meera Das,Male,27,Bhopal,Madhya Pradesh,Consumer,2024-09-27
CUST12523,Priya Gupta,Female,22,Chhindwara,Madhya Pradesh,Consumer,2024-01-24
CUST12524,Nisha Sharma,Female,40,Kolkata,West Bengal,Consumer,2025-11-09
CUST12525,Kabir Gupta,Male,64,New Delhi,Delhi,Corporate,2025-11-10
CUST12526,Aarav Mehta,Female,31,Surat,Gujarat,Consumer,2024-01-12
CUST12527,Nisha Patel,Female,59,New Delhi,Delhi,Consumer,2026-01-12
CUST12528,Arjun Patel,Female,59,Kolkata,West Bengal,Consumer,2023-08-20
CUST12529,Priya Sharma,Female,51,Noida,Uttar Pradesh,Small Business,2024-08-18
CUST12530,Riya Jain,Male,49,New Delhi,Delhi,Corporate,2024-04-23
CUST12531,Meera Mehta,Male,30,Lucknow,Uttar Pradesh,Consumer,2023-09-15
CUST12532,Arjun Jain,Female,25,Bengaluru,Karnataka,Consumer,2024-10-11
CUST12533,Vivaan Sharma,Male,55,Coimbatore,Tamil Nadu,Consumer,2026-03-23
CUST12534,Aarav Sharma,Female,61,Nagpur,Maharashtra,Consumer,2024-02-11
CUST12535,Riya Jain,Male,32,Ahmedabad,Gujarat,Consumer,2024-05-31
CUST12536,Meera Verma,Female,59,Kolkata,West Bengal,Consumer,2025-09-14
CUST12537,Ishaan Verma,Male,65,New Delhi,Delhi,Consumer,2026-04-04
CUST12538,Diya Verma,Male,54,Nagpur,Maharashtra,Consumer,2023-10-01
CUST12539,Rohan Sharma,Female,25,Kolkata,West Bengal,Consumer,2023-07-22
CUST12540,Vivaan Gupta,Male,46,Surat,Gujarat,Consumer,2025-01-04
CUST12541,Priya Rao,Male,49,Indore,Madhya Pradesh,Consumer,2026-03-18
CUST12542,Meera Das,Female,28,Nagpur,Maharashtra,Consumer,2023-11-13
CUST12543,Arjun Mehta,Female,50,Surat,Gujarat,Consumer,2023-10-30
CUST12544,Ishaan Deshmukh,Male,56,Bengaluru,Karnataka,Consumer,2025-05-25
CUST12545,Rohan Jain,Female,19,New Delhi,Delhi,Corporate,2026-06-17
CUST12546,Nisha Jain,Male,27,Kolkata,West Bengal,Consumer,2026-05-19
CUST12547,Aditya Rao,Female,61,Indore,Madhya Pradesh,Small Business,2024-05-31
CUST12548,Arjun Singh,Female,47,Surat,Gujarat,Consumer,2024-12-03
CUST12549,Diya Deshmukh,Male,60,Chhindwara,Madhya Pradesh,Corporate,2024-06-20
CUST12550,Diya Patel,Female,62,Coimbatore,Tamil Nadu,Consumer,2025-01-17
CUST12551,Vivaan Verma,Female,24,Chhindwara,Madhya Pradesh,Consumer,2026-03-05
CUST12552,Ananya Singh,Female,30,Bengaluru,Karnataka,Consumer,2024-12-02
CUST12553,Vivaan Gupta,Male,52,Mumbai,Maharashtra,Consumer,2024-08-19
CUST12554,Nisha Sharma,Male,35,New Delhi,Delhi,Small Business,2026-06-27
CUST12555,Aditya Rao,Female,30,Surat,Gujarat,Consumer,2024-12-21
CUST12556,Rohan Das,Female,29,Surat,Gujarat,Small Business,2024-09-25
CUST12557,Aditya Das,Male,62,Chhindwara,Madhya Pradesh,Consumer,2024-03-31
CUST12558,Priya Patel,Female,33,Bengaluru,Karnataka,Small Business,2026-03-31
CUST12559,Diya Singh,Male,35,Kolkata,West Bengal,Small Business,2025-05-28
CUST12560,Meera Jain,Female,30,Ahmedabad,Gujarat,Corporate,2024-02-24
CUST12561,Meera Verma,Female,34,Ahmedabad,Gujarat,Consumer,2024-01-09
CUST12562,Rohan Rao,Other,62,Kolkata,West Bengal,Consumer,2025-04-29
CUST12563,Meera Mehta,Male,21,New Delhi,Delhi,Corporate,2024-09-24
CUST12564,Diya Deshmukh,Female,51,Bhopal,Madhya Pradesh,Consumer,2026-03-18
CUST12565,Diya Mehta,Female,21,Kolkata,West Bengal,Small Business,2025-06-20
CUST12566,Priya Jain,Female,58,Mumbai,Maharashtra,Consumer,2023-05-06
CUST12567,Nisha Jain,Male,55,Lucknow,Uttar Pradesh,Small Business,2023-10-10
CUST12568,Vivaan Gupta,Female,20,Ahmedabad,Gujarat,Corporate,2026-03-12
CUST12569,Aarav Gupta,Male,35,Udaipur,Rajasthan,Corporate,2023-10-01
CUST12570,Aditya Verma,Female,19,Mysuru,Karnataka,Consumer,2025-01-04
CUST12571,Aarav Das,Male,62,Udaipur,Rajasthan,Small Business,2024-04-29
CUST12572,Isha Mehta,Male,32,New Delhi,Delhi,Consumer,2025-12-09
CUST12573,Ananya Deshmukh,Male,36,Ahmedabad,Gujarat,Corporate,2024-05-01
CUST12574,Kabir Jain,Male,53,Bhopal,Madhya Pradesh,Consumer,2026-03-16
CUST12575,Arjun Deshmukh,Female,62,Coimbatore,Tamil Nadu,Small Business,2026-06-13
CUST12576,Rohan Sharma,Male,32,Chhindwara,Madhya Pradesh,Small Business,2026-02-23
CUST12577,Nisha Rao,Female,35,Chennai,Tamil Nadu,Consumer,2024-05-31
CUST12578,Ishaan Jain,Female,25,Nagpur,Maharashtra,Corporate,2025-04-26
CUST12579,Ananya Patel,Female,53,Kolkata,West Bengal,Corporate,2025-07-28
CUST12580,Priya Gupta,Male,24,Ahmedabad,Gujarat,Consumer,2025-01-13
CUST12581,Ananya Rao,Male,39,Chhindwara,Madhya Pradesh,Small Business,2024-07-23
CUST12582,Kabir Gupta,Female,55,Pune,Maharashtra,Consumer,2024-06-07
CUST12583,Isha Rao,Female,47,Coimbatore,Tamil Nadu,Corporate,2023-01-18
CUST12584,Priya Jain,Female,25,Coimbatore,Tamil Nadu,Consumer,2023-10-03
CUST12585,Arjun Mehta,Male,57,Mumbai,Maharashtra,Corporate,2026-02-01
CUST12586,Rohan Mehta,Male,36,Pune,Maharashtra,Consumer,2023-09-27
CUST12587,Isha Gupta,Female,48,Noida,Uttar Pradesh,Consumer,2026-06-12
CUST12588,Meera Deshmukh,Female,49,Kolkata,West Bengal,Consumer,2023-06-10
CUST12589,Diya Deshmukh,Female,47,Chhindwara,Madhya Pradesh,Corporate,2024-04-03
CUST12590,Arjun Verma,Male,57,Udaipur,Rajasthan,Corporate,2024-08-02
CUST12591,Aarav Gupta,Male,48,New Delhi,Delhi,Corporate,2023-12-31
CUST12592,Nisha Jain,Male,31,Kolkata,West Bengal,Consumer,2025-09-22
CUST12593,Aarav Rao,Male,27,Pune,Maharashtra,Consumer,2025-03-14
CUST12594,Vivaan Rao,Other,49,Coimbatore,Tamil Nadu,Consumer,2023-02-06
CUST12595,Nisha Mehta,Other,63,Kolkata,West Bengal,Consumer,2024-03-03
CUST12596,Diya Jain,Female,45,Ahmedabad,Gujarat,Corporate,2024-12-03
CUST12597,Diya Patel,Male,55,Surat,Gujarat,Consumer,2023-02-05
CUST12598,Vivaan Mehta,Female,31,Coimbatore,Tamil Nadu,Small Business,2023-02-18
CUST12599,Nisha Das,Female,65,Lucknow,Uttar Pradesh,Corporate,2023-07-24
CUST12600,Ananya Das,Male,37,Nagpur,Maharashtra,Corporate,2026-05-06
CUST12601,Diya Jain,Male,55,Bengaluru,Karnataka,Consumer,2026-01-20
CUST12602,Priya Jain,Male,45,Udaipur,Rajasthan,Corporate,2025-07-28
CUST12603,Riya Das,Female,23,Kolkata,West Bengal,Consumer,2024-03-03
CUST12604,Aarav Das,Female,54,Nagpur,Maharashtra,Consumer,2024-10-27
CUST12605,Ananya Sharma,Male,51,Jaipur,Rajasthan,Consumer,2023-10-27
CUST12606,Priya Rao,Male,38,Ahmedabad,Gujarat,Consumer,2025-06-15
CUST12607,Aarav Deshmukh,Male,32,Nagpur,Maharashtra,Corporate,2026-01-03
CUST12608,Aarav Verma,Male,65,Chennai,Tamil Nadu,Small Business,2024-06-08
CUST12609,Rohan Jain,Female,19,Nagpur,Maharashtra,Consumer,2026-04-12
CUST12610,Arjun Verma,Male,28,Mysuru,Karnataka,Consumer,2024-02-20
CUST12611,Riya Sharma,Male,53,Surat,Gujarat,Small Business,2025-04-27
CUST12612,Ananya Deshmukh,Male,46,Jaipur,Rajasthan,Consumer,2023-10-30
CUST12613,Isha Verma,Male,65,Bengaluru,Karnataka,Consumer,2024-08-19
CUST12614,Riya Deshmukh,Female,49,Lucknow,Uttar Pradesh,Consumer,2024-07-10
CUST12615,Isha Das,Male,65,Mumbai,Maharashtra,Consumer,2024-11-30
CUST12616,Riya Singh,Female,65,Noida,Uttar Pradesh,Small Business,2023-04-24
CUST12617,Isha Rao,Male,23,Bengaluru,Karnataka,Consumer,2024-10-28
CUST12618,Isha Mehta,Female,50,Ahmedabad,Gujarat,Consumer,2026-05-10
CUST12619,Aarav Deshmukh,Female,35,Pune,Maharashtra,Small Business,2024-08-14
CUST12620,Aarav Verma,Male,25,Noida,Uttar Pradesh,Small Business,2023-09-12
CUST12621,Isha Sharma,Male,31,Kolkata,West Bengal,Corporate,2026-03-03
CUST12622,Nisha Patel,Male,34,Chhindwara,Madhya Pradesh,Corporate,2023-02-24
CUST12623,Aditya Das,Female,20,New Delhi,Delhi,Consumer,2025-01-13
CUST12624,Riya Gupta,Female,61,Bengaluru,Karnataka,Consumer,2024-11-24
CUST12625,Vivaan Das,Female,47,Chennai,Tamil Nadu,Consumer,2024-01-07
CUST12626,Aarav Das,Female,62,Bengaluru,Karnataka,Consumer,2023-06-27
CUST12627,Vivaan Deshmukh,Female,50,Mysuru,Karnataka,Small Business,2026-01-27
CUST12628,Ishaan Verma,Male,52,New Delhi,Delhi,Consumer,2025-10-12
CUST12629,Aditya Deshmukh,Female,43,Mumbai,Maharashtra,Small Business,2023-06-20
CUST12630,Ananya Mehta,Female,56,Chhindwara,Madhya Pradesh,Consumer,2024-10-22
CUST12631,Arjun Singh,Female,24,Chennai,Tamil Nadu,Small Business,2025-12-28
CUST12632,Kabir Das,Male,57,Udaipur,Rajasthan,Consumer,2026-04-30
CUST12633,Vivaan Deshmukh,Male,36,Surat,Gujarat,Consumer,2026-02-16
CUST12634,Aditya Jain,Female,31,Jaipur,Rajasthan,Consumer,2023-01-18
CUST12635,Arjun Sharma,Male,25,Kolkata,West Bengal,Consumer,2024-04-01
CUST12636,Meera Patel,Female,40,New Delhi,Delhi,Consumer,2026-01-31
CUST12637,Arjun Sharma,Female,30,Kolkata,West Bengal,Small Business,2025-07-26
CUST12638,Ananya Sharma,Female,51,Chennai,Tamil Nadu,Consumer,2025-06-17
CUST12639,Kabir Verma,Female,60,Kolkata,West Bengal,Consumer,2024-08-16
CUST12640,Ananya Das,Male,52,Jaipur,Rajasthan,Consumer,2025-08-10
CUST12641,Rohan Verma,Male,18,New Delhi,Delhi,Consumer,2023-04-04
CUST12642,Rohan Verma,Male,18,Mumbai,Maharashtra,Consumer,2024-11-01
CUST12643,Aarav Singh,Male,23,Chhindwara,Madhya Pradesh,Corporate,2024-12-29
CUST12644,Vivaan Deshmukh,Female,48,Ahmedabad,Gujarat,Consumer,2023-02-14
CUST12645,Isha Gupta,Male,18,Lucknow,Uttar Pradesh,Consumer,2023-01-15
CUST12646,Kabir Rao,Female,43,Bengaluru,Karnataka,Corporate,2025-06-19
CUST12647,Meera Patel,Male,58,Bengaluru,Karnataka,Consumer,2025-06-18
CUST12648,Vivaan Jain,Male,33,Chhindwara,Madhya Pradesh,Consumer,2025-01-13
CUST12649,Arjun Patel,Female,33,Nagpur,Maharashtra,Consumer,2024-07-13
CUST12650,Isha Gupta,Female,37,Udaipur,Rajasthan,Consumer,2023-09-09
CUST12651,Ananya Deshmukh,Female,44,Kolkata,West Bengal,Corporate,2024-12-21
CUST12652,Diya Das,Male,26,Bhopal,Madhya Pradesh,Consumer,2023-05-07
CUST12653,Aarav Mehta,Female,45,Chennai,Tamil Nadu,Corporate,2024-06-08
CUST12654,Aditya Patel,Male,43,Ahmedabad,Gujarat,Consumer,2023-01-07
CUST12655,Ishaan Sharma,Female,48,Noida,Uttar Pradesh,Small Business,2025-09-01
CUST12656,Kabir Verma,Male,64,New Delhi,Delhi,Corporate,2023-12-30
CUST12657,Priya Deshmukh,Male,34,Indore,Madhya Pradesh,Small Business,2023-03-19
CUST12658,Aditya Sharma,Female,54,Noida,Uttar Pradesh,Corporate,2026-01-14
CUST12659,Meera Singh,Male,46,Chennai,Tamil Nadu,Consumer,2024-01-15
CUST12660,Riya Jain,Male,19,Udaipur,Rajasthan,Consumer,2023-04-06
CUST12661,Kabir Jain,Female,48,Ahmedabad,Gujarat,Small Business,2023-06-03
CUST12662,Nisha Das,Male,48,Indore,Madhya Pradesh,Consumer,2023-11-18
CUST12663,Isha Deshmukh,Male,53,Chhindwara,Madhya Pradesh,Consumer,2025-02-15
CUST12664,Riya Das,Male,59,Pune,Maharashtra,Consumer,2025-09-06
CUST12665,Diya Deshmukh,Female,35,New Delhi,Delhi,Corporate,2026-05-27
CUST12666,Riya Sharma,Male,30,Bengaluru,Karnataka,Corporate,2025-04-18
CUST12667,Priya Verma,Male,22,New Delhi,Delhi,Corporate,2026-04-07
CUST12668,Priya Rao,Female,18,Coimbatore,Tamil Nadu,Consumer,2026-06-14
CUST12669,Vivaan Sharma,Male,36,Bengaluru,Karnataka,Corporate,2026-02-19
CUST12670,Priya Verma,Male,23,Bengaluru,Karnataka,Corporate,2024-12-17
CUST12671,Rohan Mehta,Male,41,Pune,Maharashtra,Corporate,2023-01-25
CUST12672,Aarav Sharma,Male,29,Noida,Uttar Pradesh,Consumer,2023-01-18
CUST12673,Rohan Das,Male,40,Udaipur,Rajasthan,Small Business,2025-10-04
CUST12674,Diya Das,Female,47,Noida,Uttar Pradesh,Corporate,2025-11-09
CUST12675,Ananya Verma,Male,63,Jaipur,Rajasthan,Corporate,2025-02-20
CUST12676,Kabir Rao,Female,31,Surat,Gujarat,Consumer,2026-06-06
CUST12677,Ishaan Verma,Male,61,Pune,Maharashtra,Consumer,2026-01-21
CUST12678,Nisha Das,Female,45,Bhopal,Madhya Pradesh,Small Business,2025-01-22
CUST12679,Kabir Das,Male,51,Nagpur,Maharashtra,Corporate,2026-05-28
CUST12680,Diya Deshmukh,Male,64,Mysuru,Karnataka,Consumer,2023-05-11
CUST12681,Rohan Mehta,Female,18,Noida,Uttar Pradesh,Consumer,2023-11-29
CUST12682,Arjun Mehta,Male,56,Pune,Maharashtra,Consumer,2024-05-01
CUST12683,Riya Sharma,Male,40,Surat,Gujarat,Corporate,2023-12-02
CUST12684,Rohan Verma,Male,21,Surat,Gujarat,Corporate,2023-04-23
CUST12685,Rohan Gupta,Male,24,Mysuru,Karnataka,Consumer,2025-07-27
CUST12686,Riya Sharma,Male,54,Kolkata,West Bengal,Consumer,2023-07-13
CUST12687,Riya Verma,Male,51,Jaipur,Rajasthan,Consumer,2023-03-14
CUST12688,Aarav Rao,Female,45,Bhopal,Madhya Pradesh,Consumer,2026-04-02
CUST12689,Ishaan Gupta,Male,25,Bengaluru,Karnataka,Corporate,2024-10-18
CUST12690,Aarav Jain,Male,33,Noida,Uttar Pradesh,Consumer,2024-10-07
CUST12691,Riya Verma,Male,22,New Delhi,Delhi,Consumer,2023-12-31
CUST12692,Kabir Verma,Male,29,Noida,Uttar Pradesh,Consumer,2023-11-22
CUST12693,Vivaan Jain,Female,37,Kolkata,West Bengal,Consumer,2024-05-11
CUST12694,Arjun Mehta,Female,50,Kolkata,West Bengal,Consumer,2024-10-26
CUST12695,Nisha Gupta,Female,24,Lucknow,Uttar Pradesh,Consumer,2026-04-30
CUST12696,Ishaan Deshmukh,Female,25,Mysuru,Karnataka,Consumer,2024-02-10
CUST12697,Ishaan Jain,Male,23,Mysuru,Karnataka,Consumer,2025-10-20
CUST12698,Arjun Deshmukh,Female,34,Mumbai,Maharashtra,Consumer,2026-01-28
CUST12699,Priya Singh,Female,30,Udaipur,Rajasthan,Consumer,2025-09-08
CUST12700,Kabir Patel,Male,34,Lucknow,Uttar Pradesh,Consumer,2025-04-11
CUST12701,Meera Patel,Male,42,Pune,Maharashtra,Small Business,2023-05-19
CUST12702,Diya Jain,Female,60,Nagpur,Maharashtra,Consumer,2023-04-12
CUST12703,Isha Sharma,Male,30,Chennai,Tamil Nadu,Consumer,2025-07-07
CUST12704,Diya Patel,Female,24,Noida,Uttar Pradesh,Consumer,2024-08-03
CUST12705,Vivaan Rao,Male,34,Mumbai,Maharashtra,Consumer,2023-11-14
CUST12706,Aditya Jain,Male,59,Chennai,Tamil Nadu,Consumer,2025-11-06
CUST12707,Vivaan Rao,Male,51,Coimbatore,Tamil Nadu,Consumer,2023-06-25
CUST12708,Vivaan Rao,Male,22,New Delhi,Delhi,Small Business,2024-05-13
CUST12709,Ishaan Jain,Female,22,Coimbatore,Tamil Nadu,Consumer,2025-11-28
CUST12710,Arjun Sharma,Male,47,New Delhi,Delhi,Consumer,2024-10-02
CUST12711,Priya Rao,Male,50,Bhopal,Madhya Pradesh,Small Business,2023-02-04
CUST12712,Kabir Rao,Female,21,Coimbatore,Tamil Nadu,Consumer,2023-01-14
CUST12713,Diya Gupta,Male,20,Jaipur,Rajasthan,Corporate,2026-02-04
CUST12714,Riya Patel,Male,47,Coimbatore,Tamil Nadu,Small Business,2026-05-18
CUST12715,Isha Rao,Female,52,Coimbatore,Tamil Nadu,Corporate,2025-02-24
CUST12716,Kabir Rao,Male,64,Lucknow,Uttar Pradesh,Consumer,2026-06-11
CUST12717,Priya Rao,Male,45,New Delhi,Delhi,Corporate,2023-04-28
CUST12718,Meera Deshmukh,Other,28,New Delhi,Delhi,Consumer,2024-03-10
CUST12719,Aarav Mehta,Other,27,Jaipur,Rajasthan,Consumer,2025-08-13
CUST12720,Aditya Deshmukh,Male,23,Lucknow,Uttar Pradesh,Consumer,2025-04-11
CUST12721,Aarav Rao,Female,23,Mysuru,Karnataka,Consumer,2026-04-22
CUST12722,Vivaan Das,Female,21,New Delhi,Delhi,Consumer,2023-05-25
CUST12723,Riya Verma,Female,44,Lucknow,Uttar Pradesh,Small Business,2023-10-08
CUST12724,Kabir Singh,Male,30,Mumbai,Maharashtra,Consumer,2023-03-26
CUST12725,Arjun Gupta,Male,65,Jaipur,Rajasthan,Small Business,2025-04-16
CUST12726,Riya Verma,Female,50,Coimbatore,Tamil Nadu,Consumer,2023-06-06
CUST12727,Rohan Deshmukh,Female,62,Coimbatore,Tamil Nadu,Consumer,2024-07-10
CUST12728,Meera Verma,Female,62,Coimbatore,Tamil Nadu,Consumer,2024-02-03
CUST12729,Rohan Jain,Male,26,Coimbatore,Tamil Nadu,Corporate,2024-07-28
CUST12730,Vivaan Gupta,Male,40,Indore,Madhya Pradesh,Small Business,2023-09-03
CUST12731,Rohan Verma,Female,24,Chennai,Tamil Nadu,Corporate,2024-04-29
CUST12732,Diya Mehta,Male,37,Ahmedabad,Gujarat,Consumer,2024-05-15
CUST12733,Aditya Das,Male,51,Surat,Gujarat,Consumer,2026-06-28
CUST12734,Diya Patel,Female,55,Lucknow,Uttar Pradesh,Consumer,2024-10-12
CUST12735,Ananya Patel,Female,55,Nagpur,Maharashtra,Consumer,2023-07-12
CUST12736,Kabir Sharma,Female,23,Bengaluru,Karnataka,Small Business,2023-11-15
CUST12737,Rohan Mehta,Male,65,Indore,Madhya Pradesh,Consumer,2023-10-11
CUST12738,Isha Das,Male,28,Bengaluru,Karnataka,Consumer,2025-10-08
CUST12739,Aarav Rao,Male,29,New Delhi,Delhi,Consumer,2024-02-01
CUST12740,Aditya Das,Male,61,Kolkata,West Bengal,Consumer,2025-01-13
CUST12741,Aditya Mehta,Female,27,Lucknow,Uttar Pradesh,Consumer,2024-11-04
CUST12742,Aditya Sharma,Female,28,Kolkata,West Bengal,Corporate,2023-08-25
CUST12743,Vivaan Jain,Female,36,Surat,Gujarat,Consumer,2026-04-10
CUST12744,Arjun Gupta,Male,52,Ahmedabad,Gujarat,Consumer,2023-10-20
CUST12745,Ishaan Gupta,Male,26,Noida,Uttar Pradesh,Corporate,2025-03-13
CUST12746,Arjun Rao,Male,61,Noida,Uttar Pradesh,Corporate,2024-05-28
CUST12747,Rohan Verma,Female,43,Chennai,Tamil Nadu,Small Business,2026-04-26
CUST12748,Riya Deshmukh,Female,25,Bengaluru,Karnataka,Consumer,2023-04-24
CUST12749,Nisha Deshmukh,Female,56,Coimbatore,Tamil Nadu,Consumer,2024-08-28
CUST12750,Riya Gupta,Male,31,New Delhi,Delhi,Consumer,2026-03-04
CUST12751,Vivaan Gupta,Female,42,Noida,Uttar Pradesh,Corporate,2024-11-20
CUST12752,Isha Rao,Female,55,Mysuru,Karnataka,Consumer,2024-10-24
CUST12753,Vivaan Patel,Female,60,Noida,Uttar Pradesh,Small Business,2025-09-25
CUST12754,Arjun Das,Male,41,Chhindwara,Madhya Pradesh,Corporate,2025-04-05
CUST12755,Diya Sharma,Male,43,New Delhi,Delhi,Corporate,2026-03-14
CUST12756,Ishaan Mehta,Male,32,Noida,Uttar Pradesh,Consumer,2024-03-23
CUST12757,Priya Patel,Male,36,New Delhi,Delhi,Consumer,2023-06-05
CUST12758,Arjun Verma,Male,37,Lucknow,Uttar Pradesh,Consumer,2025-08-23
CUST12759,Isha Singh,Female,27,Kolkata,West Bengal,Consumer,2024-10-16
CUST12760,Ishaan Patel,Male,60,Nagpur,Maharashtra,Consumer,2026-01-09
CUST12761,Isha Sharma,Female,34,Pune,Maharashtra,Corporate,2025-04-22
CUST12762,Isha Mehta,Male,21,Mumbai,Maharashtra,Consumer,2026-02-21
CUST12763,Nisha Das,Female,63,Mumbai,Maharashtra,Consumer,2025-10-07
CUST12764,Meera Verma,Female,43,Bengaluru,Karnataka,Consumer,2023-06-06
CUST12765,Diya Das,Male,61,Bhopal,Madhya Pradesh,Corporate,2023-02-06
CUST12766,Aarav Singh,Female,61,Mumbai,Maharashtra,Consumer,2024-07-11
CUST12767,Arjun Das,Female,19,New Delhi,Delhi,Corporate,2024-09-24
CUST12768,Arjun Gupta,Female,57,New Delhi,Delhi,Consumer,2023-09-01
CUST12769,Ananya Verma,Female,56,Noida,Uttar Pradesh,Consumer,2023-09-22
CUST12770,Meera Verma,Male,51,Jaipur,Rajasthan,Consumer,2025-08-05
CUST12771,Rohan Gupta,Female,41,Mysuru,Karnataka,Small Business,2024-03-04
CUST12772,Ananya Gupta,Male,65,New Delhi,Delhi,Corporate,2025-09-02
CUST12773,Isha Verma,Female,38,New Delhi,Delhi,Consumer,2023-09-25
CUST12774,Nisha Singh,Female,59,Noida,Uttar Pradesh,Consumer,2023-11-29
CUST12775,Priya Das,Female,64,Noida,Uttar Pradesh,Corporate,2023-06-04
CUST12776,Diya Deshmukh,Male,58,Mysuru,Karnataka,Corporate,2024-08-26
CUST12777,Arjun Sharma,Female,41,Ahmedabad,Gujarat,Consumer,2023-11-10
CUST12778,Arjun Patel,Male,26,Ahmedabad,Gujarat,Small Business,2023-12-05
CUST12779,Kabir Gupta,Female,47,Mysuru,Karnataka,Consumer,2023-10-04
CUST12780,Aditya Deshmukh,Male,64,New Delhi,Delhi,Consumer,2025-12-23
CUST12781,Vivaan Patel,Female,31,Bengaluru,Karnataka,Consumer,2025-08-28
CUST12782,Kabir Gupta,Male,59,Surat,Gujarat,Consumer,2023-02-26
CUST12783,Meera Singh,Male,21,Kolkata,West Bengal,Corporate,2024-07-08
CUST12784,Aarav Verma,Male,30,Pune,Maharashtra,Consumer,2024-07-30
CUST12785,Ishaan Gupta,Male,56,Udaipur,Rajasthan,Consumer,2023-07-24
CUST12786,Vivaan Gupta,Female,24,Indore,Madhya Pradesh,Consumer,2025-09-01
CUST12787,Priya Deshmukh,Female,48,Indore,Madhya Pradesh,Consumer,2024-12-16
CUST12788,Ananya Gupta,Male,24,Kolkata,West Bengal,Consumer,2025-10-10
CUST12789,Diya Verma,Male,54,Lucknow,Uttar Pradesh,Consumer,2024-10-15
CUST12790,Aarav Verma,Male,54,Kolkata,West Bengal,Small Business,2024-01-15
CUST12791,Isha Gupta,Male,37,Mysuru,Karnataka,Consumer,2026-05-26
CUST12792,Priya Patel,Male,41,Lucknow,Uttar Pradesh,Consumer,2023-05-18
CUST12793,Ananya Sharma,Female,50,Udaipur,Rajasthan,Consumer,2024-08-02
CUST12794,Riya Das,Female,61,Jaipur,Rajasthan,Small Business,2025-12-06
CUST12795,Arjun Mehta,Male,26,Udaipur,Rajasthan,Small Business,2025-12-17
CUST12796,Diya Rao,Male,43,Nagpur,Maharashtra,Small Business,2025-06-11
CUST12797,Ananya Deshmukh,Female,40,Chhindwara,Madhya Pradesh,Small Business,2025-06-24
CUST12798,Isha Mehta,Female,32,Bhopal,Madhya Pradesh,Consumer,2024-11-26
CUST12799,Isha Singh,Female,35,Kolkata,West Bengal,Consumer,2024-04-05
CUST12800,Priya Deshmukh,Male,31,Udaipur,Rajasthan,Consumer,2025-05-19
CUST12801,Ishaan Patel,Male,43,Noida,Uttar Pradesh,Corporate,2026-05-20
CUST12802,Meera Deshmukh,Male,42,Ahmedabad,Gujarat,Corporate,2023-06-23
CUST12803,Rohan Sharma,Female,58,Coimbatore,Tamil Nadu,Corporate,2024-07-31
CUST12804,Nisha Verma,Male,40,Kolkata,West Bengal,Consumer,2024-12-30
CUST12805,Ishaan Mehta,Male,47,Surat,Gujarat,Consumer,2026-03-22
CUST12806,Ananya Patel,Female,34,Kolkata,West Bengal,Corporate,2024-02-21
CUST12807,Kabir Rao,Female,38,Noida,Uttar Pradesh,Corporate,2024-11-24
CUST12808,Rohan Singh,Male,19,Lucknow,Uttar Pradesh,Corporate,2024-04-11
CUST12809,Vivaan Jain,Other,33,Udaipur,Rajasthan,Consumer,2023-01-16
CUST12810,Priya Patel,Male,48,Kolkata,West Bengal,Corporate,2025-06-03
CUST12811,Nisha Verma,Male,45,Kolkata,West Bengal,Consumer,2024-02-05
CUST12812,Aditya Sharma,Female,65,Kolkata,West Bengal,Corporate,2023-05-14
CUST12813,Ishaan Rao,Male,18,Bengaluru,Karnataka,Consumer,2026-01-19
CUST12814,Ishaan Singh,Male,37,Surat,Gujarat,Consumer,2023-12-01
CUST12815,Nisha Das,Female,62,Lucknow,Uttar Pradesh,Corporate,2024-11-11
CUST12816,Ananya Mehta,Other,26,Ahmedabad,Gujarat,Consumer,2024-06-28
CUST12817,Aarav Singh,Female,49,Surat,Gujarat,Corporate,2024-12-03
CUST12818,Aditya Deshmukh,Female,24,New Delhi,Delhi,Consumer,2024-12-18
CUST12819,Nisha Das,Female,47,Mysuru,Karnataka,Corporate,2023-01-31
CUST12820,Nisha Jain,Female,44,Mysuru,Karnataka,Corporate,2025-05-27
CUST12821,Ishaan Mehta,Female,62,Chhindwara,Madhya Pradesh,Small Business,2025-01-27
CUST12822,Kabir Mehta,Female,30,Mumbai,Maharashtra,Consumer,2025-05-05
CUST12823,Arjun Rao,Female,31,Coimbatore,Tamil Nadu,Consumer,2025-06-21
CUST12824,Ishaan Patel,Male,49,Coimbatore,Tamil Nadu,Consumer,2024-09-19
CUST12825,Ananya Sharma,Male,48,Bhopal,Madhya Pradesh,Corporate,2024-03-18
CUST12826,Priya Sharma,Female,41,Kolkata,West Bengal,Consumer,2025-01-09
CUST12827,Diya Sharma,Female,40,Chhindwara,Madhya Pradesh,Consumer,2024-03-16
CUST12828,Aditya Das,Male,48,New Delhi,Delhi,Consumer,2023-08-12
CUST12829,Ananya Singh,Male,55,Kolkata,West Bengal,Small Business,2026-03-07
CUST12830,Rohan Verma,Female,24,Bengaluru,Karnataka,Consumer,2025-06-24
CUST12831,Kabir Mehta,Male,65,Ahmedabad,Gujarat,Consumer,2026-03-13
CUST12832,Aarav Patel,Female,34,Noida,Uttar Pradesh,Consumer,2026-06-08
CUST12833,Nisha Mehta,Female,43,Nagpur,Maharashtra,Consumer,2024-09-12
CUST12834,Arjun Patel,Female,38,Chennai,Tamil Nadu,Corporate,2025-04-18
CUST12835,Ishaan Singh,Female,32,Mysuru,Karnataka,Consumer,2023-09-12
CUST12836,Kabir Mehta,Male,59,Nagpur,Maharashtra,Consumer,2026-04-13
CUST12837,Ananya Singh,Female,30,Surat,Gujarat,Consumer,2025-07-18
CUST12838,Ananya Deshmukh,Female,41,Kolkata,West Bengal,Consumer,2025-12-26
CUST12839,Ananya Deshmukh,Female,60,Mysuru,Karnataka,Consumer,2026-06-09
CUST12840,Aditya Deshmukh,Female,52,Indore,Madhya Pradesh,Corporate,2023-12-10
CUST12841,Priya Mehta,Female,46,New Delhi,Delhi,Consumer,2024-11-05
CUST12842,Arjun Sharma,Male,31,Kolkata,West Bengal,Consumer,2025-05-05
CUST12843,Nisha Das,Male,29,New Delhi,Delhi,Consumer,2025-04-08
CUST12844,Riya Singh,Male,28,Kolkata,West Bengal,Consumer,2024-09-24
CUST12845,Meera Verma,Male,34,Lucknow,Uttar Pradesh,Consumer,2023-09-13
CUST12846,Rohan Gupta,Other,49,Kolkata,West Bengal,Corporate,2026-01-21
CUST12847,Rohan Patel,Male,34,Kolkata,West Bengal,Consumer,2026-04-01
CUST12848,Priya Mehta,Male,48,Coimbatore,Tamil Nadu,Consumer,2026-04-22
CUST12849,Aarav Das,Male,28,New Delhi,Delhi,Consumer,2023-01-17
CUST12850,Meera Rao,Female,63,Jaipur,Rajasthan,Consumer,2023-08-31
CUST12851,Isha Mehta,Female,54,Nagpur,Maharashtra,Consumer,2026-06-15
CUST12852,Meera Das,Male,37,Chhindwara,Madhya Pradesh,Consumer,2024-06-05
CUST12853,Riya Sharma,Female,63,Noida,Uttar Pradesh,Consumer,2023-08-31
CUST12854,Priya Sharma,Female,35,Chennai,Tamil Nadu,Consumer,2024-06-12
CUST12855,Kabir Rao,Male,19,Chennai,Tamil Nadu,Corporate,2023-04-29
CUST12856,Rohan Mehta,Female,38,Chennai,Tamil Nadu,Consumer,2023-07-23
CUST12857,Meera Sharma,Male,50,Nagpur,Maharashtra,Consumer,2023-04-17
CUST12858,Kabir Verma,Female,24,New Delhi,Delhi,Small Business,2026-01-21
CUST12859,Kabir Verma,Female,20,Jaipur,Rajasthan,Consumer,2023-02-26
CUST12860,Aditya Verma,Female,44,Surat,Gujarat,Consumer,2024-02-19
CUST12861,Diya Das,Male,33,Chennai,Tamil Nadu,Small Business,2024-06-18
CUST12862,Isha Das,Male,62,Coimbatore,Tamil Nadu,Consumer,2023-08-02
CUST12863,Arjun Das,Female,57,New Delhi,Delhi,Consumer,2023-02-25
CUST12864,Ananya Verma,Male,48,Pune,Maharashtra,Consumer,2025-11-16
CUST12865,Meera Mehta,Male,43,Bengaluru,Karnataka,Corporate,2024-08-25
CUST12866,Ishaan Das,Male,49,Kolkata,West Bengal,Corporate,2026-06-11
CUST12867,Ananya Sharma,Female,41,Jaipur,Rajasthan,Consumer,2023-07-18
CUST12868,Rohan Sharma,Female,51,Surat,Gujarat,Consumer,2023-11-18
CUST12869,Vivaan Deshmukh,Female,48,Kolkata,West Bengal,Corporate,2023-07-30
CUST12870,Meera Rao,Female,57,Udaipur,Rajasthan,Consumer,2025-02-22
CUST12871,Arjun Das,Female,34,Udaipur,Rajasthan,Consumer,2024-02-23
CUST12872,Isha Rao,Male,20,Bhopal,Madhya Pradesh,Consumer,2024-10-09
CUST12873,Ananya Verma,Female,40,Bengaluru,Karnataka,Consumer,2024-06-16
CUST12874,Vivaan Singh,Female,34,New Delhi,Delhi,Consumer,2024-02-18
CUST12875,Meera Mehta,Female,58,Mumbai,Maharashtra,Consumer,2024-12-17
CUST12876,Aditya Verma,Male,37,Bengaluru,Karnataka,Corporate,2023-05-13
CUST12877,Priya Verma,Female,31,Jaipur,Rajasthan,Corporate,2025-02-18
CUST12878,Ananya Gupta,Male,59,Mysuru,Karnataka,Corporate,2023-08-08
CUST12879,Vivaan Jain,Female,28,Jaipur,Rajasthan,Consumer,2025-09-21
CUST12880,Nisha Patel,Male,34,New Delhi,Delhi,Consumer,2025-11-12
CUST12881,Aditya Jain,Male,19,Mysuru,Karnataka,Consumer,2025-07-28
CUST12882,Vivaan Deshmukh,Male,37,Nagpur,Maharashtra,Consumer,2025-05-14
CUST12883,Ananya Singh,Female,52,Mysuru,Karnataka,Corporate,2026-05-11
CUST12884,Aditya Patel,Female,34,Coimbatore,Tamil Nadu,Consumer,2024-03-15
CUST12885,Riya Jain,Female,43,Lucknow,Uttar Pradesh,Consumer,2023-12-03
CUST12886,Priya Jain,Female,65,Kolkata,West Bengal,Consumer,2024-09-11
CUST12887,Kabir Gupta,Male,32,New Delhi,Delhi,Consumer,2025-11-18
CUST12888,Arjun Patel,Female,24,Chennai,Tamil Nadu,Corporate,2024-01-23
CUST12889,Vivaan Deshmukh,Male,21,Bengaluru,Karnataka,Consumer,2023-07-11
CUST12890,Priya Das,Male,32,Nagpur,Maharashtra,Corporate,2025-11-18
CUST12891,Diya Jain,Female,45,New Delhi,Delhi,Consumer,2023-02-26
CUST12892,Aditya Singh,Male,45,Jaipur,Rajasthan,Corporate,2023-02-26
CUST12893,Vivaan Mehta,Male,24,Surat,Gujarat,Consumer,2025-12-01
CUST12894,Priya Singh,Female,30,Noida,Uttar Pradesh,Small Business,2025-01-10
CUST12895,Diya Patel,Female,45,Chhindwara,Madhya Pradesh,Consumer,2023-09-10
CUST12896,Kabir Rao,Female,36,New Delhi,Delhi,Consumer,2025-03-18
CUST12897,Kabir Deshmukh,Other,52,Bengaluru,Karnataka,Corporate,2025-07-20
CUST12898,Kabir Deshmukh,Female,49,Noida,Uttar Pradesh,Consumer,2024-12-09
CUST12899,Rohan Rao,Male,35,Pune,Maharashtra,Corporate,2023-03-16
CUST12900,Meera Das,Female,22,Chhindwara,Madhya Pradesh,Consumer,2023-03-08
CUST12901,Priya Gupta,Male,62,New Delhi,Delhi,Consumer,2026-05-25
CUST12902,Meera Mehta,Female,60,Coimbatore,Tamil Nadu,Small Business,2025-02-14
CUST12903,Meera Singh,Male,42,Chhindwara,Madhya Pradesh,Consumer,2024-03-25
CUST12904,Rohan Sharma,Male,57,Kolkata,West Bengal,Consumer,2023-06-14
CUST12905,Diya Sharma,Female,63,Bhopal,Madhya Pradesh,Consumer,2026-02-21
CUST12906,Arjun Deshmukh,Female,44,Bhopal,Madhya Pradesh,Consumer,2025-03-15
CUST12907,Diya Singh,Female,63,Chennai,Tamil Nadu,Consumer,2025-04-20
CUST12908,Ananya Mehta,Male,62,Noida,Uttar Pradesh,Small Business,2024-10-25
CUST12909,Nisha Singh,Female,32,Pune,Maharashtra,Consumer,2023-11-17
CUST12910,Arjun Gupta,Female,48,Chhindwara,Madhya Pradesh,Corporate,2025-10-25
CUST12911,Arjun Deshmukh,Male,26,Jaipur,Rajasthan,Consumer,2026-02-11
CUST12912,Aditya Jain,Female,61,Ahmedabad,Gujarat,Consumer,2024-07-19
CUST12913,Priya Das,Female,27,Mysuru,Karnataka,Corporate,2025-05-22
CUST12914,Arjun Mehta,Female,20,Bengaluru,Karnataka,Small Business,2024-11-17
CUST12915,Ananya Sharma,Female,43,Noida,Uttar Pradesh,Corporate,2025-10-29
CUST12916,Vivaan Deshmukh,Male,32,Indore,Madhya Pradesh,Consumer,2025-04-11
CUST12917,Diya Deshmukh,Male,61,Bengaluru,Karnataka,Consumer,2025-09-12
CUST12918,Nisha Gupta,Female,58,Ahmedabad,Gujarat,Consumer,2023-02-07
CUST12919,Diya Patel,Male,53,Coimbatore,Tamil Nadu,Consumer,2023-09-25
CUST12920,Kabir Jain,Male,38,Jaipur,Rajasthan,Corporate,2025-09-25
CUST12921,Arjun Deshmukh,Other,39,Noida,Uttar Pradesh,Consumer,2023-07-26
CUST12922,Rohan Deshmukh,Female,24,Kolkata,West Bengal,Consumer,2025-04-27
CUST12923,Priya Gupta,Male,23,Bengaluru,Karnataka,Consumer,2023-09-23
CUST12924,Priya Patel,Female,19,Nagpur,Maharashtra,Corporate,2024-11-03
CUST12925,Ananya Deshmukh,Female,36,Mysuru,Karnataka,Consumer,2024-12-02
CUST12926,Nisha Deshmukh,Male,53,Coimbatore,Tamil Nadu,Consumer,2023-02-22
CUST12927,Kabir Singh,Female,34,Surat,Gujarat,Consumer,2023-08-06
CUST12928,Rohan Jain,Female,19,Bengaluru,Karnataka,Corporate,2024-06-21
CUST12929,Vivaan Das,Male,61,Kolkata,West Bengal,Consumer,2025-07-13
CUST12930,Aarav Gupta,Male,27,Mumbai,Maharashtra,Corporate,2024-02-17
CUST12931,Priya Jain,Female,21,Kolkata,West Bengal,Consumer,2025-10-05
CUST12932,Arjun Singh,Male,62,Lucknow,Uttar Pradesh,Consumer,2025-07-11
CUST12933,Rohan Sharma,Male,42,Jaipur,Rajasthan,Consumer,2023-11-23
CUST12934,Riya Deshmukh,Female,22,Jaipur,Rajasthan,Small Business,2026-02-13
CUST12935,Aarav Verma,Male,24,New Delhi,Delhi,Consumer,2025-03-21
CUST12936,Riya Mehta,Female,40,Bhopal,Madhya Pradesh,Small Business,2023-10-10
CUST12937,Nisha Singh,Male,46,Bhopal,Madhya Pradesh,Consumer,2023-04-09
CUST12938,Riya Gupta,Male,47,Chhindwara,Madhya Pradesh,Small Business,2023-12-06
CUST12939,Aarav Verma,Male,33,New Delhi,Delhi,Consumer,2025-10-07
CUST12940,Ananya Verma,Female,20,New Delhi,Delhi,Corporate,2025-06-14
CUST12941,Nisha Gupta,Female,45,Lucknow,Uttar Pradesh,Corporate,2023-04-27
CUST12942,Vivaan Verma,Male,62,Surat,Gujarat,Small Business,2026-02-25
CUST12943,Priya Deshmukh,Female,19,Mumbai,Maharashtra,Corporate,2023-08-18
CUST12944,Rohan Rao,Male,61,Surat,Gujarat,Consumer,2023-08-31
CUST12945,Riya Gupta,Female,56,Pune,Maharashtra,Consumer,2023-08-31
CUST12946,Meera Singh,Male,49,Mumbai,Maharashtra,Consumer,2025-11-02
CUST12947,Aditya Singh,Female,24,Jaipur,Rajasthan,Small Business,2023-06-27
CUST12948,Meera Rao,Female,19,Ahmedabad,Gujarat,Consumer,2024-07-09
CUST12949,Isha Singh,Female,48,Bengaluru,Karnataka,Corporate,2024-08-22
CUST12950,Nisha Jain,Male,25,Kolkata,West Bengal,Consumer,2023-08-14
CUST12951,Vivaan Jain,Male,51,Kolkata,West Bengal,Consumer,2023-12-12
CUST12952,Isha Verma,Male,45,Kolkata,West Bengal,Consumer,2024-12-10
CUST12953,Rohan Deshmukh,Female,31,Coimbatore,Tamil Nadu,Consumer,2023-09-01
CUST12954,Kabir Patel,Female,24,Mysuru,Karnataka,Corporate,2023-04-21
CUST12955,Ananya Mehta,Male,40,Noida,Uttar Pradesh,Corporate,2024-02-24
CUST12956,Ananya Verma,Female,27,Surat,Gujarat,Consumer,2026-01-17
CUST12957,Nisha Verma,Female,57,Ahmedabad,Gujarat,Consumer,2025-10-06
CUST12958,Ananya Das,Female,20,Surat,Gujarat,Small Business,2024-11-25
CUST12959,Kabir Das,Female,36,Noida,Uttar Pradesh,Consumer,2025-01-29
CUST12960,Arjun Mehta,Male,32,Kolkata,West Bengal,Small Business,2024-12-03
CUST12961,Ananya Patel,Male,55,Bengaluru,Karnataka,Small Business,2024-11-08
CUST12962,Diya Sharma,Female,65,Chennai,Tamil Nadu,Small Business,2025-03-19
CUST12963,Rohan Gupta,Male,49,Coimbatore,Tamil Nadu,Consumer,2023-12-01
CUST12964,Ananya Patel,Male,35,Udaipur,Rajasthan,Consumer,2025-11-06
CUST12965,Ananya Gupta,Male,64,Mumbai,Maharashtra,Consumer,2024-04-06
CUST12966,Meera Sharma,Male,27,Nagpur,Maharashtra,Consumer,2025-04-02
CUST12967,Meera Mehta,Male,22,Kolkata,West Bengal,Consumer,2023-05-10
CUST12968,Riya Mehta,Female,45,Surat,Gujarat,Consumer,2024-05-23
CUST12969,Ananya Sharma,Male,29,Noida,Uttar Pradesh,Corporate,2025-08-24
CUST12970,Rohan Das,Female,33,Kolkata,West Bengal,Corporate,2026-05-14
CUST12971,Arjun Gupta,Male,33,Lucknow,Uttar Pradesh,Consumer,2023-11-09
CUST12972,Riya Sharma,Female,52,New Delhi,Delhi,Consumer,2025-05-02
CUST12973,Rohan Rao,Male,59,Mumbai,Maharashtra,Consumer,2025-09-17
CUST12974,Kabir Singh,Male,21,New Delhi,Delhi,Consumer,2024-04-07
CUST12975,Priya Das,Female,33,Noida,Uttar Pradesh,Consumer,2023-10-12
CUST12976,Isha Jain,Female,28,Bhopal,Madhya Pradesh,Corporate,2023-12-09
CUST12977,Isha Verma,Male,28,Noida,Uttar Pradesh,Small Business,2026-06-25
CUST12978,Rohan Deshmukh,Male,49,Surat,Gujarat,Corporate,2023-10-05
CUST12979,Aditya Das,Female,38,Mumbai,Maharashtra,Consumer,2023-11-25
CUST12980,Arjun Gupta,Female,39,Jaipur,Rajasthan,Consumer,2025-06-15
CUST12981,Kabir Gupta,Male,21,Ahmedabad,Gujarat,Corporate,2023-10-12
CUST12982,Aditya Das,Female,29,Bengaluru,Karnataka,Small Business,2023-02-09
CUST12983,Ishaan Deshmukh,Male,41,Ahmedabad,Gujarat,Consumer,2024-07-29
CUST12984,Ishaan Mehta,Female,20,Bhopal,Madhya Pradesh,Consumer,2023-06-28
CUST12985,Riya Deshmukh,Male,34,New Delhi,Delhi,Corporate,2024-09-23
CUST12986,Rohan Singh,Female,32,Udaipur,Rajasthan,Corporate,2025-06-08
CUST12987,Priya Deshmukh,Female,35,Kolkata,West Bengal,Consumer,2023-10-15
CUST12988,Nisha Verma,Female,38,Ahmedabad,Gujarat,Corporate,2024-07-29
CUST12989,Diya Gupta,Female,22,Ahmedabad,Gujarat,Consumer,2026-06-01
CUST12990,Ishaan Mehta,Male,21,Surat,Gujarat,Consumer,2023-11-24
CUST12991,Meera Jain,Male,41,Pune,Maharashtra,Consumer,2024-04-14
CUST12992,Arjun Das,Male,60,Mysuru,Karnataka,Consumer,2023-12-27
CUST12993,Priya Verma,Female,36,New Delhi,Delhi,Consumer,2024-05-05
CUST12994,Ananya Sharma,Male,49,Kolkata,West Bengal,Consumer,2025-06-12
CUST12995,Meera Singh,Male,42,Kolkata,West Bengal,Consumer,2025-11-20
CUST12996,Priya Das,Male,48,Chennai,Tamil Nadu,Corporate,2024-08-07
CUST12997,Riya Rao,Male,33,New Delhi,Delhi,Corporate,2024-04-18
CUST12998,Diya Gupta,Male,46,Surat,Gujarat,Consumer,2024-07-11
CUST12999,Arjun Mehta,Male,45,Chhindwara,Madhya Pradesh,Corporate,2023-09-21
CUST13000,Aarav Mehta,Male,49,Kolkata,West Bengal,Small Business,2023-12-20
